id,KindID,Name,SortOrder,IsActive
1,2,"Возможно, вас заинтересует",3583,1
2,2,Общая информация,2218,1
3,2,Основные,1534,1
4,2,Процессор,4667,1
5,2,Конструкция,3773,1
6,2,Размеры и вес,4178,1
7,2,Экран,5688,1
8,2,Хранение данных,7000,1
9,2,Камера и звук,9333,1
10,2,Функции,5812,1
11,2,Датчики,10167,1
12,2,Навигация,9778,1
13,2,Интерфейсы,6404,1
14,2,Аккумулятор и время работы,9526,1
15,2,Комплектация,5892,1
16,1,"Возможно, вас заинтересует",3583,1
17,1,Общая информация,2218,1
18,1,Процессор,4667,1
19,1,Конструкция,3773,1
20,1,Размеры и вес,4178,1
21,1,Экран,5688,1
22,1,Оперативная память,6750,1
23,1,Хранение данных,7000,1
24,1,Графика,8750,1
25,1,Камера и звук,9333,1
26,1,Клавиатура и тачпад,11000,1
27,1,Функции,5812,1
28,1,Интерфейсы,6404,1
29,1,Аккумулятор и время работы,9526,1
30,1,Комплектация,5892,1
31,3,Общая информация,2218,1
32,3,Процессор,4667,1
33,3,Конструкция,3773,1
34,3,Размеры и вес,4178,1
35,3,Экран,5688,1
36,3,Оперативная память,6750,1
37,3,Хранение данных,7000,1
38,3,Графика,8750,1
39,3,Камера и звук,9333,1
40,3,Интерфейсы,6404,1
41,3,Комплектация,5892,1
42,3,Функции,5812,1
43,4,Общая информация,2218,1
44,4,Основные,1534,1
45,4,Процессор,4667,1
46,4,Конструкция,3773,1
47,4,Размеры и вес,4178,1
48,4,Оперативная память,6750,1
49,4,Хранение данных,7000,1
50,5,Общая информация,2218,1
51,5,Основные,1534,1
52,4,Графика,8750,1
53,4,Корпус и блок питания,10000,1
54,4,Интерфейсы,6404,1
55,5,Технические характеристики,3392,1
56,4,Комплектация,5892,1
57,5,Конструктивные характеристики,7750,1
58,5,Интерфейсы,6404,1
59,5,Комплектация,5892,1
60,5,Размеры и вес,4178,1
61,4,Функциональность,7833,1
62,3,Аккумулятор и время работы,9526,1
63,6,Общая информация,2218,1
64,6,Основные,1534,1
65,6,Технические характеристики,3392,1
66,6,Интерфейсы,6404,1
67,7,Общая информация,2218,1
68,7,Технические характеристики,3392,1
69,6,Комплектация,5892,1
70,8,Общая информация,2218,1
71,8,Технические характеристики,3392,1
72,8,Память,6625,1
73,8,Аудио и Видео,6000,1
74,8,Интерфейсы,6404,1
75,8,Габариты,7600,1
76,9,Основные,1534,1
77,9,Технические характеристики,3392,1
78,9,Конструкция,3773,1
79,10,Основные,1534,1
80,10,Технические характеристики,3392,1
81,10,Вентилятор,11667,1
82,10,Размеры и вес,4178,1
83,10,Помпа,13000,1
84,10,Общая информация,2218,1
85,9,Общая информация,2218,1
86,11,Общая информация,2218,1
87,11,Основные,1534,1
88,11,Технические характеристики,3392,1
89,11,Комплектация,5892,1
90,12,Основные,1534,1
91,12,Технические характеристики,3392,1
92,13,Общая информация,2218,1
93,13,Технические характеристики корпуса,9333,1
94,13,Передняя панель корпуса,10333,1
95,13,Габариты,7600,1
96,12,Комплектация,5892,1
97,13,Технические характеристики блока питания,3000,1
98,13,Разъемы блока питания,4000,1
99,14,Технические характеристики блока питания,3000,1
100,14,Разъемы блока питания,4000,1
101,14,Габариты,7600,1
102,14,Общая информация,2218,1
103,15,Общая информация,2218,1
104,15,Основные,1534,1
105,15,Технические характеристики,3392,1
106,15,Интерфейсы,6404,1
107,15,Комплектация,5892,1
108,15,Размеры и вес,4178,1
109,16,Основные,1534,1
110,16,Интерфейсы,6404,1
111,16,Размеры и вес,4178,1
112,16,Функции,5812,1
113,16,Общая информация,2218,1
114,17,"Возможно, вас заинтересует",3583,1
115,17,Общая информация,2218,1
116,17,Основные,1534,1
117,17,Принтер,4000,1
118,17,Копир,5000,1
119,17,Сканер,6000,1
120,17,Лотки,7000,1
121,17,Экран,5688,1
122,17,Процессор и память,9000,1
123,17,Поддержка носителей,10000,1
124,17,Интерфейсы,6404,1
125,17,Комплектация,5892,1
126,17,Размеры и вес,4178,1
127,18,Основные,1534,1
128,18,Технические характеристики,3392,1
129,18,Интерфейсы,6404,1
130,18,Питание,7607,1
131,18,Размеры и вес,4178,1
132,17,Факс,14000,1
133,18,Общая информация,2218,1
134,19,Основные,1534,1
135,19,Размеры и вес,4178,1
136,19,Общая информация,2218,1
137,17,Питание,7607,1
138,20,Основные,1534,1
139,20,Технические характеристики,3392,1
140,20,Экран,5688,1
141,20,Размеры и вес,4178,1
142,20,Комплектация,5892,1
143,20,Общая информация,2218,1
144,20,Аккумулятор и время работы,9526,1
145,21,Общая информация,2218,1
146,21,Основные,1534,1
147,21,Размеры и вес,4178,1
148,22,Основные,1534,1
149,22,Общая информация,2218,1
150,23,Общая информация,2218,1
151,23,Основные,1534,1
152,23,Технические характеристики,3392,1
153,23,Размеры и вес мыши,9250,1
154,23,Питание,7607,1
155,23,"Возможно, вас заинтересует",3583,1
156,24,Основные,1534,1
157,24,Характеристики клавиатуры,9857,1
158,24,Размеры и вес клавиатуры,12800,1
159,24,Общая информация,2218,1
160,24,Питание клавиатуры,11200,1
161,24,Комплектация,5892,1
162,25,Основные,1534,1
163,25,Технические характеристики,3392,1
164,25,Питание,7607,1
165,25,Размеры и вес мыши,9250,1
166,25,Характеристики клавиатуры,9857,1
167,25,Питание клавиатуры,11200,1
168,25,Размеры и вес клавиатуры,12800,1
169,25,Общая информация,2218,1
170,25,Характеристики наушников,9000,1
171,25,Характеристики коврика,9333,1
172,25,Размеры коврика,10333,1
173,26,Основные,1534,1
174,26,Технические характеристики,3392,1
175,26,Питание,7607,1
176,26,Функциональные особенности,4270,1
177,26,Общая информация,2218,1
178,26,Комплектация,5892,1
179,27,Характеристики коврика,9333,1
180,27,Размеры коврика,10333,1
181,27,Общая информация,2218,1
182,28,Общая информация,2218,1
183,28,Основные,1534,1
184,28,Размеры и вес,4178,1
185,28,Интерфейсы,6404,1
186,28,Дополнительно,5000,1
187,28,Комплектация,5892,1
188,26,Работа с изображением,6875,1
189,29,Основные,1534,1
190,29,Скоростные характеристики,2000,1
191,29,Функциональные особенности,4270,1
192,29,Комплектация,5892,1
193,29,Размеры и вес,4178,1
194,29,Общая информация,2218,1
195,30,Основные,1534,1
196,31,Основные,1534,1
197,31,Интерфейсы,6404,1
198,31,Бокс,3000,1
199,31,Габариты и вес,5286,1
200,32,Общая информация,2218,1
201,32,Основные,1534,1
202,32,Технические характеристики,3392,1
203,32,Поддержка жёстких дисков,4000,1
204,32,Сетевое взаимодействие,5000,1
205,32,Размеры и вес,4178,1
206,32,Интерфейсы,6404,1
207,31,Общая информация,2218,1
208,33,Основные,1534,1
209,33,CD,6500,1
210,33,DVD,7500,1
211,33,Размеры и вес,4178,1
212,33,Blu-ray,5000,1
213,34,Основные,1534,1
214,34,Размеры и вес,4178,1
215,33,Общая информация,2218,1
216,32,Аккумулятор и время работы,9526,1
217,35,Общая информация,2218,1
218,35,Основные,1534,1
219,35,Конструкция,3773,1
220,35,Навигация,9778,1
221,35,Функциональность,7833,1
222,35,Аккумулятор и время работы,9526,1
223,35,Производительность и энергоэффективность,5000,1
224,35,Габариты,7600,1
225,35,Комплектация,5892,1
256,36,Общая информация,2218,1
257,36,Основные,1534,1
258,36,Процессор,4667,1
259,36,Конструкция,3773,1
260,36,Размеры и вес,4178,1
261,36,Экран,5688,1
262,36,Основная камера,7000,1
263,36,Фронтальная камера,8000,1
264,36,Функции,5812,1
265,36,Датчики,10167,1
266,36,Навигация,9778,1
267,36,Передача данных,11333,1
268,36,Интерфейсы,6404,1
269,36,Аккумулятор и время работы,9526,1
270,36,Комплектация,5892,1
271,36,"Возможно, вас заинтересует",3583,1
272,36,Безопасность,10000,1
287,38,Общая информация,2218,1
288,38,Основные,1534,1
289,38,Акустическая система,12167,1
290,38,Конструкция,3773,1
291,38,Функциональность,7833,1
292,38,Интерфейсы,6404,1
293,38,Питание,7607,1
294,38,Габариты,7600,1
295,37,Общая информация,2218,1
296,37,Основные,1534,1
297,38,Комплектация,5892,1
298,37,Функции,5812,1
299,37,Конструкция,3773,1
300,37,Экран,5688,1
301,37,Датчики,10167,1
302,37,Навигация,9778,1
303,37,Интерфейсы,6404,1
304,37,Аккумулятор и время работы,9526,1
305,37,Размеры и вес,4178,1
306,37,Память,6625,1
307,37,Комплектация,5892,1
308,37,Работа с изображением,6875,1
309,37,Процессор,4667,1
310,39,Основные,1534,1
311,39,Технические характеристики,3392,1
312,39,Размеры и вес,4178,1
313,39,Дополнительно,5000,1
314,39,Комплектация,5892,1
315,39,Общая информация,2218,1
316,40,Общая информация,2218,1
317,40,Основные,1534,1
318,40,Функциональные особенности,4270,1
319,40,Технические характеристики,3392,1
320,40,Контроллеры и комплектация,16750,1
321,40,Интерфейсы и коммуникации,17750,1
322,40,Размеры и вес,4178,1
323,40,"Возможно, вас заинтересует",3583,1
324,40,Дисплей,9000,1
325,41,Общая информация,2218,1
326,41,Основные,1534,1
327,41,Фронтальная АС,4333,1
328,41,Интерфейсы,6404,1
329,41,Сабвуфер,5000,1
330,41,Тыловая АС,6000,1
331,41,Центральная АС,7000,1
332,41,Комплектация,5892,1
333,41,Питание,7607,1
344,16,Процессор,4667,1
345,16,Конструкция,3773,1
346,16,Оперативная память,6750,1
347,16,Хранение данных,7000,1
348,16,Графика,8750,1
349,16,Корпус и блок питания,10000,1
350,16,Комплектация,5892,1
351,8,Слоты расширения,6000,1
352,8,Интерфейсы накопителей,7000,1
353,8,Сеть и связь,8000,1
354,8,Разъемы на задней панели,9500,1
355,19,Технические характеристики,3392,1
356,8,Внутренние разъемы,11000,1
362,2,Технические характеристики,3392,1
363,2,Характеристики коврика,9333,1
364,2,Размеры коврика,10333,1
365,4,Технические характеристики,3392,1
366,4,Вентилятор,11667,1
367,4,Помпа,13000,1
368,4,Характеристики клавиатуры,9857,1
369,4,Размеры и вес клавиатуры,12800,1
370,4,Функциональные особенности,4270,1
371,4,Контроллеры и комплектация,16750,1
372,4,Интерфейсы и коммуникации,17750,1
373,2,Акустическая система,12167,1
374,2,Функциональность,7833,1
375,2,Питание,7607,1
376,2,Габариты,7600,1
377,2,Технические характеристики корпуса,9333,1
378,2,Передняя панель корпуса,10333,1
379,6,Конструктивные характеристики,7750,1
380,6,Размеры и вес,4178,1
381,6,Питание,7607,1
382,6,Размеры и вес мыши,9250,1
383,1,Основные,1534,1
384,1,Технические характеристики,3392,1
385,1,Вентилятор,11667,1
386,1,Помпа,13000,1
387,9,Навигация,9778,1
388,9,Функциональность,7833,1
389,9,Аккумулятор и время работы,9526,1
390,9,Производительность и энергоэффективность,5000,1
391,9,Комплектация,5892,1
392,9,Габариты,7600,1
393,4,Акустическая система,12167,1
394,4,Питание,7607,1
395,4,Габариты,7600,1
419,2,Конструктивные характеристики,7750,1
420,21,Процессор,4667,1
421,21,Конструкция,3773,1
422,21,Экран,5688,1
423,21,Основная камера,7000,1
424,21,Фронтальная камера,8000,1
425,21,Функции,5812,1
426,21,Датчики,10167,1
427,21,Навигация,9778,1
428,21,Передача данных,11333,1
429,21,Интерфейсы,6404,1
430,21,Аккумулятор и время работы,9526,1
433,45,"Возможно, вас заинтересует",3583,1
434,45,Основные,1534,1
435,45,Конструкция и вместимость,2500,1
436,45,Производительность и энергоэффективность,5000,1
437,45,Управление и индикация,3417,1
438,45,Холодильная камера,5500,1
439,45,Морозильная камера,7000,1
440,45,Габариты,7600,1
441,22,Технические характеристики,3392,1
442,22,Конструкция,3773,1
443,2,Контроллеры и комплектация,16750,1
444,2,Интерфейсы и коммуникации,17750,1
445,3,Основные,1534,1
446,3,Технические характеристики,3392,1
447,3,Конструктивные характеристики,7750,1
448,15,Фронтальная АС,4333,1
449,15,Питание,7607,1
450,11,Характеристики клавиатуры,9857,1
451,11,Питание клавиатуры,11200,1
452,11,Размеры и вес клавиатуры,12800,1
453,11,Функции,5812,1
454,11,Конструкция,3773,1
455,11,Размеры и вес,4178,1
456,11,Экран,5688,1
457,11,Датчики,10167,1
458,11,Навигация,9778,1
459,11,Интерфейсы,6404,1
460,11,Аккумулятор и время работы,9526,1
461,7,Технические характеристики корпуса,9333,1
462,7,Передняя панель корпуса,10333,1
463,7,Габариты,7600,1
464,2,Характеристики клавиатуры,9857,1
465,2,Питание клавиатуры,11200,1
466,2,Размеры и вес клавиатуры,12800,1
467,10,Конструкция,3773,1
468,10,Питание,7607,1
469,10,Характеристики клавиатуры,9857,1
470,10,Питание клавиатуры,11200,1
471,3,Контроллеры и комплектация,16750,1
472,3,Интерфейсы и коммуникации,17750,1
473,10,CD,6500,1
474,10,DVD,7500,1
475,3,Питание,7607,1
476,3,Размеры и вес мыши,9250,1
477,3,Акустическая система,12167,1
478,3,Функциональность,7833,1
479,3,Габариты,7600,1
480,12,Память,6625,1
481,12,Слоты расширения,6000,1
482,12,Интерфейсы накопителей,7000,1
483,12,Сеть и связь,8000,1
484,12,Аудио и Видео,6000,1
485,12,Разъемы на задней панели,9500,1
486,49,Общая информация,2218,1
487,49,Основные,1534,1
488,49,Технические характеристики,3392,1
489,49,Функциональность,7833,1
490,49,Интерфейсы,6404,1
491,49,Размеры и вес,4178,1
492,49,Комплектация,5892,1
493,51,Общая информация,2218,1
494,51,Основные,1534,1
495,51,Интерфейсы,6404,1
496,51,Размеры и вес,4178,1
497,51,Функции ADSL,5000,1
498,51,Беспроводная сеть,4500,1
499,61,Основные,1534,1
500,61,Общая информация,2218,1
501,61,Конструкция,3773,1
502,66,Основные,1534,1
503,66,Технические характеристики,3392,1
504,66,Конструкция,3773,1
505,66,Габариты и вес,5286,1
506,66,Комплектация,5892,1
507,80,Общая информация,2218,1
508,80,Основные,1534,1
509,80,Размеры и вес,4178,1
510,72,Основные,1534,1
511,94,Основные,1534,1
512,99,Основные,1534,1
513,99,Общая информация,2218,1
514,89,Общая информация,2218,1
515,89,Основные,1534,1
516,92,Общая информация,2218,1
517,92,Основные,1534,1
518,102,Основные,1534,1
519,102,Общая информация,2218,1
520,102,Питание,7607,1
521,102,Комплектация,5892,1
522,102,Размеры и вес,4178,1
523,119,Основные,1534,1
524,119,Особенности конструкции,2750,1
525,119,Размеры и вес,4178,1
526,119,Общая информация,2218,1
527,112,Общая информация,2218,1
528,112,Основные,1534,1
529,112,Размеры и вес,4178,1
530,122,Общая информация,2218,1
531,122,Основные,1534,1
532,123,Основные,1534,1
533,123,Общая информация,2218,1
534,123,Функциональные особенности,4270,1
535,123,Габариты и вес,5286,1
536,123,Термоброшюровщик,5000,1
537,125,Основные,1534,1
538,125,Общая информация,2218,1
539,125,Конструкция,3773,1
540,125,Параметры воспроизведения,3500,1
541,125,Функциональность,7833,1
542,125,Акустическая система,12167,1
543,125,Интерфейсы,6404,1
544,125,Тюнер,7500,1
545,125,Питание,7607,1
546,125,Габариты,7600,1
547,127,Общая информация,2218,1
548,127,Основные,1534,1
549,127,Технические характеристики,3392,1
550,127,Размеры и вес,4178,1
551,139,Общая информация,2218,1
552,139,Основные,1534,1
553,139,Особенности конструкции,2750,1
554,139,Комфорт и безопасность,4000,1
555,139,Комплектация,5892,1
556,139,Размеры и вес,4178,1
557,107,"Возможно, вас заинтересует",3583,1
558,107,Общая информация,2218,1
559,107,Основные,1534,1
560,107,Конструкция и габариты,5429,1
561,107,Комплектация,5892,1
562,141,Основные,1534,1
563,141,Свет,2000,1
564,141,Питание,7607,1
565,141,Размеры и вес,4178,1
566,141,Общая информация,2218,1
567,141,Комплектация,5892,1
568,134,Основные,1534,1
569,144,Основные,1534,1
570,144,Общая информация,2218,1
571,144,Функции,5812,1
572,144,Конструкция,3773,1
573,144,Габариты,7600,1
574,162,Основные,1534,1
575,162,Размеры и вес,4178,1
576,162,Общая информация,2218,1
577,175,Общая информация,2218,1
578,175,Основные,1534,1
579,175,Работа со звуком,7750,1
580,175,Интерфейсы,6404,1
581,175,GPS,7000,1
582,175,Питание,7607,1
583,175,Размеры и вес,4178,1
584,175,Экран,5688,1
585,180,Общая информация,2218,1
586,180,Основные,1534,1
587,180,Размеры и вес,4178,1
588,181,Основные,1534,1
589,181,Двигатель,3455,1
590,181,Общая информация,2218,1
591,181,Размеры и вес,4178,1
593,106,Общая информация,2218,1
594,106,Основные,1534,1
595,106,Размеры и вес,4178,1
596,199,Основные,1534,1
597,199,Параметры записи,2500,1
598,199,Параметры воспроизведения,3500,1
599,199,Экран,5688,1
600,199,Аккумулятор и время работы,9526,1
601,199,Общая информация,2218,1
602,199,Комплектация,5892,1
603,199,Габариты и вес,5286,1
604,199,Технические характеристики,3392,1
605,152,Технические характеристики,3392,1
606,152,Декор,2667,1
607,152,Размеры,3667,1
608,152,Общая информация,2218,1
609,135,Основные,1534,1
610,135,Общая информация,2218,1
611,135,Размеры и вес,4178,1
612,164,Основные,1534,1
613,164,Двигатель,3455,1
614,164,Генератор,3000,1
615,164,Габариты и вес,5286,1
616,164,Общая информация,2218,1
617,164,Комплектация,5892,1
618,239,Общая информация,2218,1
619,239,Основные,1534,1
620,239,Технические характеристики,3392,1
621,239,Подключаемые внешние устройства,4000,1
622,239,Интерфейсы,6404,1
623,239,Механизм печати,6000,1
624,239,Размеры и вес,4178,1
625,239,Налоговые группы и дополнительные сборы,8000,1
626,248,Основные,1534,1
627,248,Общая информация,2218,1
628,247,Общая информация,2218,1
629,247,Основные,1534,1
630,247,Свойства,3000,1
631,243,Основные,1534,1
632,243,Двигатель,3455,1
633,243,Общая информация,2218,1
634,243,Конструкция,3773,1
635,243,Колеса,4500,1
636,243,Размеры и вес,4178,1
637,186,Общая информация,2218,1
638,186,Основные,1534,1
639,218,Основные,1534,1
640,262,Основные,1534,1
641,262,Общая информация,2218,1
642,262,Размеры и вес,4178,1
643,279,Основные,1534,1
644,209,Основные,1534,1
645,209,Общая информация,2218,1
646,209,Комплектация,5892,1
647,209,Размеры и вес,4178,1
648,275,Общая информация,2218,1
649,275,Основные,1534,1
650,275,Комплектация,5892,1
651,275,Размеры и вес,4178,1
652,289,Основные,1534,1
653,289,Общая информация,2218,1
654,289,Функциональные особенности,4270,1
655,289,Габариты и вес,5286,1
656,300,Общая информация,2218,1
657,300,Основные,1534,1
658,300,Размеры и вес,4178,1
659,300,Комплектация,5892,1
660,232,Общая информация,2218,1
661,232,Основные,1534,1
662,232,Особенности конструкции,2750,1
663,232,Размеры и вес,4178,1
664,252,Основные,1534,1
665,252,Общая информация,2218,1
666,252,Интерфейсы,6404,1
667,252,Размеры и вес,4178,1
668,252,Функции,5812,1
669,299,Основные,1534,1
670,299,Технические характеристики,3392,1
671,299,Функциональные особенности,4270,1
672,299,Комплектация,5892,1
673,299,Аккумулятор,5556,1
674,130,"Возможно, вас заинтересует",3583,1
675,130,Общая информация,2218,1
676,130,Основные,1534,1
677,130,Управление и индикация,3417,1
678,130,Варочная панель,5667,1
679,130,Габариты,7600,1
680,130,Размеры ниши для встраивания,8667,1
681,342,Общая информация,2218,1
682,342,Основные,1534,1
683,342,Размеры и вес,4178,1
684,315,Основные,1534,1
685,315,Общая информация,2218,1
686,315,Технические характеристики,3392,1
687,315,Комплектация,5892,1
688,374,Основные,1534,1
689,374,Конструктивные характеристики,7750,1
690,374,Габариты,7600,1
691,374,Общая информация,2218,1
692,402,Основные,1534,1
693,411,Основные,1534,1
694,409,Общая информация,2218,1
695,409,Основные,1534,1
696,409,Размеры и вес,4178,1
697,393,Общая информация,2218,1
698,393,Основные,1534,1
699,393,Технические характеристики,3392,1
700,393,Размеры и вес,4178,1
701,415,Основные,1534,1
702,417,Основные,1534,1
703,429,Основные,1534,1
704,429,Технические характеристики,3392,1
705,429,Комплектация,5892,1
706,429,Размеры и вес,4178,1
707,429,Общая информация,2218,1
708,429,Аккумулятор,5556,1
709,282,Общая информация,2218,1
710,282,Основные,1534,1
711,321,Конструкция,3773,1
712,321,Общая информация,2218,1
713,321,Система запирания,3000,1
714,321,Отделка,4000,1
715,442,Общая информация,2218,1
716,442,Основные,1534,1
717,442,Размеры и вес,4178,1
718,442,Функциональные особенности,4270,1
719,442,Комплектация,5892,1
720,422,Основные,1534,1
721,422,Общая информация,2218,1
722,422,Комплектация,5892,1
723,422,Размеры и вес,4178,1
724,424,Общая информация,2218,1
725,424,Основные,1534,1
726,424,Технические характеристики,3392,1
727,493,Общая информация,2218,1
728,493,Основные,1534,1
729,493,Свойства,3000,1
730,256,Общая информация,2218,1
731,491,Основные,1534,1
732,491,Общая информация,2218,1
733,461,Общая информация,2218,1
734,461,Основные,1534,1
735,461,Особенности конструкции,2750,1
736,524,Основные,1534,1
737,524,Функции,5812,1
738,524,Размеры и вес,4178,1
739,524,Общая информация,2218,1
740,547,Общие характеристики,1000,1
741,497,Основные,1534,1
742,497,Конструкция,3773,1
743,497,Размеры и вес,4178,1
744,497,Размеры в собранном виде,4500,1
745,556,Общая информация,2218,1
746,556,Основные,1534,1
747,556,Особенности конструкции,2750,1
748,556,Размеры и вес,4178,1
749,447,Основные,1534,1
750,447,Общая информация,2218,1
751,447,Размеры и вес,4178,1
752,566,Основные,1534,1
753,566,Общая информация,2218,1
754,561,Основные,1534,1
755,561,Управление и индикация,3417,1
756,561,Увлажнение воздуха,5000,1
757,561,Функциональные особенности,4270,1
758,561,Габариты,7600,1
759,561,Комплектация,5892,1
760,561,Общая информация,2218,1
761,591,Общая информация,2218,1
762,591,Основные,1534,1
763,591,Конструктивные характеристики,7750,1
764,591,Размеры и вес,4178,1
765,612,Общая информация,2218,1
766,612,Основные,1534,1
767,612,Свойства,3000,1
768,630,Режимы и функции,2500,1
769,630,Общая информация,2218,1
770,630,Размеры и вес,4178,1
771,635,Общая информация,2218,1
772,635,Основные,1534,1
773,635,Комплектация,5892,1
774,635,Размеры и вес,4178,1
775,635,Питание,7607,1
776,635,Технические характеристики,3392,1
777,580,Основные,1534,1
778,580,Функциональные особенности,4270,1
779,580,Общая информация,2218,1
780,580,Комплектация,5892,1
781,602,Общая информация,2218,1
782,602,Основные,1534,1
783,602,Особенности конструкции,2750,1
784,602,Комплектация,5892,1
786,602,Габариты и вес,5286,1
787,602,Размеры отделения для устройства,7000,1
788,615,Основные,1534,1
789,615,Общая информация,2218,1
790,615,Особенности конструкции,2750,1
791,625,Основные,1534,1
792,625,Технические характеристики,3392,1
793,625,Функциональные особенности,4270,1
794,625,Комплектация,5892,1
795,625,Аккумулятор,5556,1
796,625,Размеры и вес,4178,1
797,625,Общая информация,2218,1
798,576,Общая информация,2218,1
799,576,Основные,1534,1
800,46,Основные,1534,1
801,46,Общая информация,2218,1
802,46,Технические характеристики,3392,1
803,46,Размеры и вес,4178,1
804,46,Комплектация,5892,1
805,47,Общая информация,2218,1
806,47,Технические характеристики,3392,1
807,47,Комплектация,5892,1
808,47,Размеры и вес,4178,1
809,48,Конструкция,3773,1
810,48,Размеры и вес,4178,1
811,48,Функции,5812,1
812,48,Интерфейсы,6404,1
813,48,Аккумулятор и время работы,9526,1
814,48,Комплектация,5892,1
815,48,Общая информация,2218,1
816,52,Основные,1534,1
817,52,Технические характеристики,3392,1
818,52,Функциональность,7833,1
819,52,Интерфейсы,6404,1
820,52,Размеры и вес,4178,1
821,52,Общая информация,2218,1
822,52,Комплектация,5892,1
823,50,Общая информация,2218,1
824,50,Основные,1534,1
825,50,Технические характеристики,3392,1
826,50,Функциональность,7833,1
827,50,Интерфейсы,6404,1
828,50,Размеры и вес,4178,1
829,54,Общая информация,2218,1
830,54,Основные,1534,1
831,54,Процессор,4667,1
832,54,Конструкция,3773,1
833,54,Размеры и вес,4178,1
834,54,Экран,5688,1
835,54,Работа с изображением,6875,1
836,54,Фронтальная камера,8000,1
837,54,Работа со звуком,7750,1
838,54,Память,6625,1
839,54,Интерфейсы,6404,1
840,54,Датчики,10167,1
841,54,Навигация,9778,1
842,54,Аккумулятор и время работы,9526,1
843,54,Комплектация,5892,1
844,53,Основные,1534,1
845,53,Общая информация,2218,1
846,53,Технические характеристики,3392,1
847,53,Работа с изображением,6875,1
848,53,Интерфейсы,6404,1
849,53,Габариты и вес,5286,1
850,53,Комплектация,5892,1
851,55,Общая информация,2218,1
852,55,Основные,1534,1
853,55,Функции,5812,1
854,55,Память,6625,1
855,55,Интерфейсы,6404,1
856,55,Горячие клавишы и индикация,6000,1
857,55,Аккумулятор и время работы,9526,1
858,55,Технические характеристики,3392,1
859,55,Размеры и вес,4178,1
860,55,Передача данных,11333,1
861,55,Комплектация,5892,1
862,56,Основные,1534,1
863,56,Общая информация,2218,1
864,56,Фронтальная АС,4333,1
865,56,Интерфейсы,6404,1
866,56,Сабвуфер,5000,1
867,56,Тыловая АС,6000,1
868,56,Центральная АС,7000,1
869,56,Комплектация,5892,1
870,58,Основные,1534,1
871,58,Общая информация,2218,1
872,58,Технические характеристики,3392,1
873,58,Размеры и вес,4178,1
874,57,Общая информация,2218,1
875,57,Основные,1534,1
876,57,Хранение данных,7000,1
877,57,Конструкция,3773,1
878,57,Размеры и вес,4178,1
879,57,Матрица,6000,1
880,57,Объектив,6500,1
881,57,Работа с изображением,6875,1
882,57,Работа со звуком,7750,1
883,57,Интерфейсы,6404,1
884,57,Эксплуатация,7000,1
885,57,Характеристики базовой станции (шлюза),12000,1
886,59,Общая информация,2218,1
887,59,Основные,1534,1
888,59,Акустическая система,12167,1
889,59,Функциональность,7833,1
890,59,Интерфейсы,6404,1
891,59,Габариты,7600,1
892,59,Комплектация,5892,1
893,59,Питание,7607,1
894,62,Основные,1534,1
895,62,Форматы файлов,2500,1
896,62,Экран,5688,1
897,62,Функции,5812,1
898,62,Питание,7607,1
899,62,Интерфейсы,6404,1
900,62,Конструкция,3773,1
901,62,Размеры и вес,4178,1
902,62,Комплектация,5892,1
903,62,Общая информация,2218,1
904,63,Основные,1534,1
905,63,Общая информация,2218,1
906,65,Технические характеристики,3392,1
907,65,Функциональные особенности,4270,1
908,65,Размеры и вес,4178,1
909,67,Общая информация,2218,1
910,67,Основные,1534,1
911,68,Общая информация,2218,1
912,68,Основные,1534,1
913,68,Технические характеристики,3392,1
914,68,Конструкция,3773,1
915,68,Размеры и вес,4178,1
916,68,Комплектация,5892,1
917,70,Общая информация,2218,1
918,70,Основные,1534,1
919,71,Общая информация,2218,1
920,71,Основные,1534,1
921,71,Технические характеристики,3392,1
922,71,Функции системы,4000,1
923,71,Турботаймер и автозапуск двигателя,5000,1
924,71,Функции системы GSM,6000,1
925,71,Комплектация,5892,1
926,71,Программируемые функции,8000,1
927,71,Функции брелока,9000,1
928,73,Основные,1534,1
929,60,Основные,1534,1
930,60,Общая информация,2218,1
931,60,Конструкция,3773,1
932,60,Размеры и вес,4178,1
933,60,"Возможно, вас заинтересует",3583,1
934,74,Общая информация,2218,1
935,74,Основные,1534,1
936,74,Размеры и вес,4178,1
937,75,Основные,1534,1
938,75,Общая информация,2218,1
939,76,Общая информация,2218,1
940,76,Основные,1534,1
941,77,Основные,1534,1
942,77,Габариты,7600,1
943,77,Общая информация,2218,1
944,78,Основные,1534,1
945,78,Размеры и вес,4178,1
946,78,Общая информация,2218,1
947,79,Основные,1534,1
948,79,Общая информация,2218,1
949,79,Комплектация,5892,1
950,81,Основные,1534,1
951,81,Общая информация,2218,1
952,81,Размеры и вес,4178,1
953,81,Комплектация,5892,1
954,82,Общая информация,2218,1
955,82,Основные,1534,1
956,83,Основные,1534,1
957,83,Общая информация,2218,1
958,83,Размеры и вес,4178,1
959,84,Общая информация,2218,1
960,84,Основные,1534,1
961,85,Основные,1534,1
962,86,Основные,1534,1
963,86,Общая информация,2218,1
964,87,Основные,1534,1
965,87,Размеры и вес,4178,1
966,87,Общая информация,2218,1
967,87,Характеристики клавиатуры,9857,1
968,87,Характеристики очков,5000,1
969,87,Работа с изображением,6875,1
970,88,Общая информация,2218,1
971,88,Основные,1534,1
972,88,Размеры и вес,4178,1
973,91,Основные,1534,1
974,91,Функциональные особенности,4270,1
975,91,Комплектация,5892,1
976,91,Габариты и вес,5286,1
977,91,Питание,7607,1
978,93,Основные,1534,1
979,93,Общая информация,2218,1
980,95,Общая информация,2218,1
981,95,Функции,5812,1
982,90,Общая информация,2218,1
983,90,Технические характеристики,3392,1
984,90,Установочные размеры,3000,1
985,96,Основные,1534,1
986,97,Общая информация,2218,1
987,97,Основные,1534,1
988,98,Основные,1534,1
989,98,Общая информация,2218,1
990,98,Комплектация,5892,1
991,98,Размеры и вес,4178,1
992,100,Общая информация,2218,1
993,100,Основные,1534,1
994,100,Технические характеристики,3392,1
995,100,Функциональность,7833,1
996,100,Интерфейсы,6404,1
997,100,Комплектация,5892,1
998,100,Размеры и вес,4178,1
999,101,Основные,1534,1
1000,101,Управление и индикация,3417,1
1001,101,Функциональные особенности,4270,1
1002,101,Комплектация,5892,1
1003,103,Общая информация,2218,1
1004,103,Основные,1534,1
1005,103,Размеры и вес,4178,1
1006,103,Технические характеристики поперечин,4000,1
1007,103,Функциональные особенности,4270,1
1008,104,Основные,1534,1
1009,104,Особенности конструкции,2750,1
1010,104,Общая информация,2218,1
1011,105,Основные,1534,1
1012,105,Размеры и вес,4178,1
1013,108,Основные,1534,1
1014,108,Технические характеристики,3392,1
1015,108,Общая информация,2218,1
1016,108,Размеры и вес,4178,1
1017,109,Основные,1534,1
1018,109,Особенности конструкции,2750,1
1019,109,Размеры и вес,4178,1
1020,109,Комплектация,5892,1
1021,109,Общая информация,2218,1
1022,110,Общая информация,2218,1
1023,110,Конструкция,3773,1
1024,110,Рама,3000,1
1025,110,Колёса,4000,1
1026,110,Комплектация,5892,1
1027,111,Основные,1534,1
1028,111,Информационный блок,2333,1
1029,111,Программные функции,3500,1
1030,111,Дополнительная информация,4000,1
1031,111,Размеры и масса,5333,1
1032,114,Общая информация,2218,1
1033,114,Основные,1534,1
1034,114,Беспроводная сеть,4500,1
1035,114,Интерфейсы,6404,1
1036,114,Питание и время работы,3500,1
1037,114,Размеры и вес,4178,1
1038,115,Основные,1534,1
1039,115,Общая информация,2218,1
1040,115,Размеры и вес,4178,1
1041,113,Основные,1534,1
1042,113,Общая информация,2218,1
1043,113,Особенности конструкции,2750,1
1044,113,Размеры и вес,4178,1
1045,116,Основные,1534,1
1046,116,Комплектация,5892,1
1047,116,Общая информация,2218,1
1048,116,Размеры и вес,4178,1
1049,117,Общая информация,2218,1
1050,117,Основные,1534,1
1051,118,Основные,1534,1
1052,118,Технические характеристики,3392,1
1053,118,Эксплуатация,7000,1
1054,118,Габариты,7600,1
1055,118,Общая информация,2218,1
1056,121,Основные,1534,1
1057,121,Функциональные особенности,4270,1
1058,121,Комплектация,5892,1
1059,121,Размеры и вес,4178,1
1060,121,Общая информация,2218,1
1061,120,Общая информация,2218,1
1062,120,Основные,1534,1
1063,120,Размеры и вес,4178,1
1064,120,Функциональные особенности,4270,1
1065,120,Комплектация,5892,1
1066,120,Аккумулятор и время работы,9526,1
1067,124,Общая информация,2218,1
1068,124,Основные,1534,1
1069,124,Технические характеристики,3392,1
1070,128,Основные,1534,1
1071,128,Размеры и вес,4178,1
1072,126,Основные,1534,1
1073,131,Основные,1534,1
1074,131,Функциональные особенности,4270,1
1075,131,Общая информация,2218,1
1076,132,Основные,1534,1
1077,132,Общая информация,2218,1
1078,132,Работа с изображением,6875,1
1079,132,Функциональные особенности,4270,1
1080,132,Комплектация,5892,1
1081,132,Конструкция,3773,1
1082,133,Общая информация,2218,1
1083,133,Основные,1534,1
1084,133,Размеры и вес,4178,1
1085,136,Основные,1534,1
1086,136,Конструкция,3773,1
1087,136,Программные функции,3500,1
1088,136,Аккумулятор и время работы,9526,1
1089,136,Комплектация,5892,1
1090,136,Размеры и вес,4178,1
1091,136,Общая информация,2218,1
1092,137,Основные,1534,1
1093,137,Размеры и вес,4178,1
1094,140,Основные,1534,1
1095,140,Особенности конструкции,2750,1
1096,140,Характеристики электронасоса,3000,1
1097,140,Комплектация,5892,1
1098,140,Размеры и вес,4178,1
1099,140,Общая информация,2218,1
1100,146,Основные,1534,1
1101,146,Общая информация,2218,1
1102,146,Технические характеристики,3392,1
1103,146,Функции,5812,1
1104,146,Габариты,7600,1
1105,148,Основные,1534,1
1106,148,Технические характеристики,3392,1
1107,148,Комплектация,5892,1
1108,148,Конструкция и габариты,5429,1
1109,148,Двигатель,3455,1
1110,145,Основные,1534,1
1111,143,Основные,1534,1
1112,143,Общая информация,2218,1
1113,143,Информационный блок,2333,1
1114,143,Программные функции,3500,1
1115,143,Дополнительная информация,4000,1
1116,143,Размеры и масса,5333,1
1117,138,Основные,1534,1
1118,138,Общая информация,2218,1
1119,138,Размеры в системе ETRTO (ISO),3000,1
1120,138,Размеры в дюймовой системе,4000,1
1121,138,Французский размер,5000,1
1122,149,Общая информация,2218,1
1123,149,Основные,1534,1
1124,149,Возможности подключения,3000,1
1125,149,Память,6625,1
1126,149,Функциональные особенности,4270,1
1127,149,Интерфейсы,6404,1
1128,149,Конструкция и габариты,5429,1
1129,149,Характеристики вызывной панели,8000,1
1130,147,Общая информация,2218,1
1131,147,Основные,1534,1
1132,150,Основные,1534,1
1133,150,Общая информация,2218,1
1134,150,Конструкция,3773,1
1135,150,Размеры и вес,4178,1
1136,150,Экран,5688,1
1137,150,Объектив,6500,1
1138,150,Работа с изображением,6875,1
1139,150,Вспышка,8000,1
1140,150,Экспозиция и затвор,9000,1
1141,150,Работа со звуком,7750,1
1142,150,Память,6625,1
1143,150,Навигация,9778,1
1144,150,Интерфейсы,6404,1
1145,150,Аккумулятор и время работы,9526,1
1146,150,Комплектация,5892,1
1147,150,Функциональные особенности,4270,1
1148,151,"Возможно, вас заинтересует",3583,1
1149,151,Основные,1534,1
1150,151,Параметры записи,2500,1
1151,151,Экран,5688,1
1152,151,Общая информация,2218,1
1153,151,Память,6625,1
1154,151,Интерфейсы,6404,1
1155,151,Функциональные особенности,4270,1
1156,151,Комплектация,5892,1
1157,151,Питание,7607,1
1158,151,Габариты и вес,5286,1
1159,153,Общая информация,2218,1
1160,153,Основные,1534,1
1161,153,Технические характеристики,3392,1
1162,153,Тонарм,4000,1
1163,153,Звукосниматель,5000,1
1164,153,Особенности конструкции,2750,1
1165,153,Интерфейсы,6404,1
1166,153,Размеры и вес,4178,1
1167,154,Основные,1534,1
1168,154,Конструкция и вместимость,2500,1
1169,154,Производительность и энергоэффективность,5000,1
1170,154,Управление и индикация,3417,1
1171,154,Холодильная камера,5500,1
1172,154,Конструкция,3773,1
1173,154,Функциональные особенности,4270,1
1174,154,Габариты,7600,1
1175,154,Размеры ниши для встраивания,8667,1
1176,154,Общая информация,2218,1
1177,155,Основные,1534,1
1178,156,Общая информация,2218,1
1179,156,Основные,1534,1
1180,156,Безопасность,10000,1
1181,156,Производительность и энергоэффективность,5000,1
1182,156,Габариты,7600,1
1183,156,Конструкция,3773,1
1184,156,Комплектация,5892,1
1185,157,Общая информация,2218,1
1186,157,Основные,1534,1
1187,157,Производительность и энергоэффективность,5000,1
1188,157,Двигатель,3455,1
1189,157,Конструкция и габариты,5429,1
1190,157,Аккумулятор,5556,1
1191,157,Вибрация и шум,7000,1
1192,157,Комплектация,5892,1
1193,158,Основные,1534,1
1194,158,Общая информация,2218,1
1195,158,Технические характеристики,3392,1
1196,158,Размеры и вес,4178,1
1197,166,Основные,1534,1
1198,166,Размеры и вес,4178,1
1199,159,Общая информация,2218,1
1200,159,Технические характеристики,3392,1
1201,159,Конструктивные характеристики,7750,1
1202,159,Размеры и вес,4178,1
1203,167,Общая информация,2218,1
1204,167,Основные,1534,1
1205,167,Размеры,3667,1
1206,165,Основные,1534,1
1207,165,Общая информация,2218,1
1208,165,Технические характеристики,3392,1
1209,165,Размеры и вес,4178,1
1210,161,Основные,1534,1
1211,161,Функциональные особенности,4270,1
1212,161,Комплектация,5892,1
1213,161,Двигатель,3455,1
1214,161,Аккумулятор,5556,1
1215,161,Конструкция и габариты,5429,1
1216,161,Общая информация,2218,1
1217,163,Основные,1534,1
1218,163,Особенности конструкции,2750,1
1219,163,Общая информация,2218,1
1220,163,Размеры и вес,4178,1
1221,163,Стойка,5000,1
1222,168,Основные,1534,1
1223,168,Питание и время работы,3500,1
1224,168,Размеры и вес,4178,1
1225,168,Комплектация,5892,1
1226,168,Общая информация,2218,1
1227,169,Основные,1534,1
1228,169,Технические характеристики,3392,1
1229,169,Интерфейсы,6404,1
1230,169,Размеры и вес,4178,1
1231,169,Дополнительно,5000,1
1232,169,Комплектация,5892,1
1233,169,Питание,7607,1
1234,169,Общая информация,2218,1
1235,170,Основные,1534,1
1236,170,Форма и материалы,2000,1
1237,170,Комплектация,5892,1
1238,170,Темброблок,4000,1
1239,170,Общая информация,2218,1
1240,171,Основные,1534,1
1241,171,Особенности конструкции,2750,1
1242,172,Основные,1534,1
1243,172,Общая информация,2218,1
1244,172,Технические характеристики,3392,1
1245,172,Размеры и вес,4178,1
1246,172,Питание,7607,1
1247,172,Комплектация,5892,1
1248,174,Основные,1534,1
1249,174,Информационный блок,2333,1
1250,174,Дополнительная информация,4000,1
1251,174,Программные функции,3500,1
1252,174,Размеры и масса,5333,1
1253,173,Основные,1534,1
1254,173,Функциональные особенности,4270,1
1255,173,Комплектация,5892,1
1256,173,Аккумулятор,5556,1
1257,177,Общая информация,2218,1
1258,177,Основные,1534,1
1259,176,Общая информация,2218,1
1260,176,Основные,1534,1
1261,182,Общая информация,2218,1
1262,182,Основные,1534,1
1263,179,Общая информация,2218,1
1264,179,Основные,1534,1
1265,179,Размеры и вес,4178,1
1266,178,Общая информация,2218,1
1267,178,Основные,1534,1
1268,178,Размеры и вес,4178,1
1269,188,Основные,1534,1
1270,188,Функциональные особенности,4270,1
1271,188,Комплектация,5892,1
1272,188,Габариты и вес,5286,1
1273,188,Общая информация,2218,1
1274,187,Общая информация,2218,1
1275,187,Основные,1534,1
1276,187,Технические характеристики,3392,1
1277,187,Размеры и вес,4178,1
1278,187,Комплектация,5892,1
1279,185,Общая информация,2218,1
1280,185,Основные,1534,1
1281,189,Общая информация,2218,1
1282,189,Основные,1534,1
1283,189,Размеры и вес,4178,1
1284,183,Общая информация,2218,1
1285,183,Основные,1534,1
1286,512,Общая информация,2218,1
1287,512,Основные,1534,1
1288,296,Основные,1534,1
1289,296,Общая информация,2218,1
1290,296,Размеры и вес,4178,1
1291,293,Основные,1534,1
1292,293,Размеры и вес,4178,1
1293,293,Общая информация,2218,1
1294,291,Общая информация,2218,1
1295,291,Характеристики ламп,2000,1
1296,291,Дополнительная информация,4000,1
1297,298,Общая информация,2218,1
1298,298,Основные,1534,1
1299,302,Основные,1534,1
1300,295,Общая информация,2218,1
1301,295,Основные,1534,1
1302,295,Размеры и вес,4178,1
1303,301,Основные,1534,1
1304,301,Технические характеристики,3392,1
1305,301,Размеры и вес,4178,1
1306,301,Двигатель,3455,1
1307,301,Общая информация,2218,1
1308,301,Комплектация,5892,1
1309,297,Общая информация,2218,1
1310,297,Основные,1534,1
1311,297,Технические характеристики,3392,1
1312,297,Декор,2667,1
1313,288,Технические характеристики,3392,1
1314,288,Декор,2667,1
1315,288,Размеры,3667,1
1316,303,Общая информация,2218,1
1317,303,Основные,1534,1
1318,303,Конструктивные характеристики,7750,1
1319,303,Размеры,3667,1
1320,309,Основные,1534,1
1321,306,Общая информация,2218,1
1322,306,Основные,1534,1
1323,306,Конструкция,3773,1
1324,306,Размеры и вес,4178,1
1325,306,Газовые горелки,5000,1
1326,306,Комплектация,5892,1
1327,311,Общие характеристики,1000,1
1328,310,Общая информация,2218,1
1329,310,Основные,1534,1
1330,310,Особенности конструкции,2750,1
1331,308,Общая информация,2218,1
1332,308,Основные,1534,1
1333,314,Основные,1534,1
1334,314,Технические характеристики,3392,1
1335,314,Общая информация,2218,1
1336,314,Интерфейсы,6404,1
1337,307,Основные,1534,1
1338,307,Конструкция,3773,1
1339,314,Размеры и вес,4178,1
1340,307,Комплектация,5892,1
1341,307,Размеры,3667,1
1342,307,Общая информация,2218,1
1343,290,Основные,1534,1
1344,290,Размеры и вес,4178,1
1345,290,Общая информация,2218,1
1346,312,Общая информация,2218,1
1347,312,Основные,1534,1
1348,312,Виды массажа,3000,1
1349,312,Опции,4000,1
1350,312,Размеры,3667,1
1351,316,Основные,1534,1
1352,316,Общая информация,2218,1
1353,316,Питание,7607,1
1354,305,Общая информация,2218,1
1355,305,Основные,1534,1
1356,305,Форматы файлов,2500,1
1357,305,Технические характеристики,3392,1
1358,305,Интерфейсы,6404,1
1359,305,Входы и выходы,6000,1
1360,305,Тюнер,7500,1
1361,305,Экран и подсветка,8000,1
1362,305,GPS,7000,1
1363,305,Комплектация,5892,1
1364,318,Общая информация,2218,1
1365,318,Основные,1534,1
1366,318,Технические характеристики,3392,1
1367,318,Поддержка контента,4000,1
1368,318,Сетевое взаимодействие,5000,1
1369,318,Интерфейсы,6404,1
1370,318,Комплектация,5892,1
1371,318,Габариты,7600,1
1372,319,Общая информация,2218,1
1373,319,Основные,1534,1
1374,322,Основные,1534,1
1375,322,Технические характеристики,3392,1
1376,322,Размеры и вес,4178,1
1377,322,Комплектация,5892,1
1378,322,Общая информация,2218,1
1379,323,Общая информация,2218,1
1380,323,Измерения внутри помещения,2000,1
1381,323,Измерения на улице,3000,1
1382,323,Индикация,4000,1
1383,323,Дополнительная информация,4000,1
1384,323,Габариты и вес,5286,1
1385,327,Основные,1534,1
1386,327,Функциональные особенности,4270,1
1387,327,Комплектация,5892,1
1388,327,Двигатель,3455,1
1389,327,Конструкция и габариты,5429,1
1390,328,Основные,1534,1
1391,328,Размеры и вес,4178,1
1392,326,Основные,1534,1
1393,329,Основные,1534,1
1394,326,Мощность,2500,1
1395,326,Управление и индикация,3417,1
1396,326,Общая информация,2218,1
1397,329,Размеры и вес,4178,1
1398,329,Общая информация,2218,1
1399,326,Духовой шкаф,5000,1
1400,326,Режимы работы духового шкафа,6000,1
1401,326,Комплектация,5892,1
1402,326,Габариты,7600,1
1403,326,Варочная панель,5667,1
1404,331,Общая информация,2218,1
1405,331,Основные,1534,1
1406,325,Основные,1534,1
1407,325,Общая информация,2218,1
1408,325,Технические характеристики микрофона,3000,1
1409,325,Размеры и вес,4178,1
1410,325,Комплектация,5892,1
1411,325,Дополнительно,5000,1
1412,325,Характеристики радиосистемы,7000,1
1413,330,Основные,1534,1
1414,330,Технические характеристики,3392,1
1415,330,Удобство и безопасность,3000,1
1416,330,Габариты и вес,5286,1
1417,330,Общая информация,2218,1
1418,333,Основные,1534,1
1419,333,Технические характеристики,3392,1
1420,333,Двигатель,3455,1
1421,333,Общая информация,2218,1
1422,333,Габариты и вес,5286,1
1423,332,"Возможно, вас заинтересует",3583,1
1424,332,Основные,1534,1
1425,332,Общая информация,2218,1
1426,332,Функциональные особенности,4270,1
1427,332,Комплектация,5892,1
1428,332,Двигатель,3455,1
1429,332,Конструкция и габариты,5429,1
1430,332,Аккумулятор,5556,1
1431,324,Основные,1534,1
1432,324,Общая информация,2218,1
1433,324,Мощность,2500,1
1434,324,Конструкция,3773,1
1435,324,Управление и индикация,3417,1
1436,324,Производительность и энергоэффективность,5000,1
1437,324,Функциональные особенности,4270,1
1438,324,Комплектация,5892,1
1439,324,Габариты,7600,1
1440,324,Размеры ниши для встраивания,8667,1
1441,337,Основные,1534,1
1442,337,Двигатель,3455,1
1443,337,Конструкция,3773,1
1444,337,Колеса,4500,1
1445,337,Комплектация,5892,1
1446,337,Размеры и вес,4178,1
1447,335,Основные,1534,1
1448,335,Габариты,7600,1
1449,336,Основные,1534,1
1450,336,Общая информация,2218,1
1451,336,Технические характеристики,3392,1
1452,339,Основные,1534,1
1453,339,Технические характеристики,3392,1
1454,339,Общая информация,2218,1
1455,339,Питание,7607,1
1456,339,Комплектация,5892,1
1457,340,Основные,1534,1
1458,340,Общая информация,2218,1
1459,340,Конструкция,3773,1
1460,340,Управление и индикация,3417,1
1461,340,Функциональные особенности,4270,1
1462,340,Комплектация,5892,1
1463,340,Размеры и вес,4178,1
1464,338,Основные,1534,1
1465,338,Особенности конструкции,2750,1
1466,341,Основные,1534,1
1467,341,Технические характеристики,3392,1
1468,341,Общая информация,2218,1
1469,341,Режимы и функции,2500,1
1470,341,Питание,7607,1
1471,341,Комплектация,5892,1
1472,341,Размеры и вес,4178,1
1473,347,Основные,1534,1
1474,347,Общая информация,2218,1
1475,347,Размеры и вес,4178,1
1476,344,Общая информация,2218,1
1477,344,Основные,1534,1
1478,344,Конструкция,3773,1
1479,344,Размеры и вес,4178,1
1480,344,Комплектация,5892,1
1481,348,Основные,1534,1
1482,348,Общая информация,2218,1
1483,348,Особенности конструкции,2750,1
1484,348,Размеры и вес,4178,1
1485,348,Комплектация,5892,1
1486,348,Характеристики насоса,6000,1
1487,345,Основные,1534,1
1488,345,Общая информация,2218,1
1489,349,Основные,1534,1
1490,349,Общая информация,2218,1
1491,349,Размеры и вес,4178,1
1492,349,Комплектация,5892,1
1493,351,Общая информация,2218,1
1494,351,Основные,1534,1
1495,351,Технические характеристики,3392,1
1496,351,Размеры и вес,4178,1
1497,351,Аккумулятор и время работы,9526,1
1498,355,Основные,1534,1
1499,355,Управление и индикация,3417,1
1500,355,Варочная панель,5667,1
1501,355,Общая информация,2218,1
1502,355,Габариты,7600,1
1503,357,Общая информация,2218,1
1504,357,Основные,1534,1
1505,357,Комплектация,5892,1
1506,357,Размеры и вес,4178,1
1507,359,Основные,1534,1
1508,359,Особенности конструкции,2750,1
1509,359,Комплектация,5892,1
1510,343,Основные,1534,1
1511,343,Общая информация,2218,1
1512,358,Основные,1534,1
1513,361,Общая информация,2218,1
1514,361,Основные,1534,1
1515,364,Основные,1534,1
1516,364,Общая информация,2218,1
1517,364,Размеры и вес,4178,1
1518,363,Основные,1534,1
1519,363,Конструкция,3773,1
1520,366,Общая информация,2218,1
1521,366,Профиль,2000,1
1522,366,Стеклопакет,3000,1
1523,354,Общая информация,2218,1
1524,354,Основные,1534,1
1525,354,Размеры и вес,4178,1
1526,367,Общая информация,2218,1
1527,367,Основные,1534,1
1528,367,Питание,7607,1
1529,367,Размеры и вес,4178,1
1530,360,Основные,1534,1
1531,360,Функциональные особенности,4270,1
1532,360,Общая информация,2218,1
1533,360,Габариты,7600,1
1534,360,Комплектация,5892,1
1535,369,Общая информация,2218,1
1536,369,Основные,1534,1
1537,362,Общая информация,2218,1
1538,362,Основные,1534,1
1539,369,Чехол,3000,1
1540,362,Технические характеристики,3392,1
1541,362,Размеры и вес,4178,1
1542,362,Комплектация,5892,1
1543,365,Основные,1534,1
1544,365,Общая информация,2218,1
1545,368,Общая информация,2218,1
1546,368,Основные,1534,1
1547,368,Особенности конструкции,2750,1
1548,368,Размеры и вес,4178,1
1549,371,Общая информация,2218,1
1550,371,Основные,1534,1
1551,371,Конструкция,3773,1
1552,371,Размеры и вес,4178,1
1553,371,Управление и индикация,3417,1
1554,371,Очистка воздуха,5000,1
1555,372,Основные,1534,1
1556,372,Функциональные особенности,4270,1
1557,372,Комплектация,5892,1
1558,372,Размеры и вес,4178,1
1559,370,Основные,1534,1
1560,370,Общая информация,2218,1
1561,377,Основные,1534,1
1562,377,Технические характеристики,3392,1
1563,377,Конструкция,3773,1
1564,377,Размеры и вес,4178,1
1565,377,Общая информация,2218,1
1566,379,Общая информация,2218,1
1567,379,Основные,1534,1
1568,379,Технические характеристики,3392,1
1569,379,Размеры и вес,4178,1
1570,376,Общие характеристики,1000,1
1571,382,Основные,1534,1
1572,382,Комплектация,5892,1
1573,382,Общая информация,2218,1
1574,382,Размеры и вес,4178,1
1575,378,Общая информация,2218,1
1576,378,Основные,1534,1
1577,378,Управление и индикация,3417,1
1578,378,Очистка воздуха,5000,1
1579,378,Функциональные особенности,4270,1
1580,378,Габариты,7600,1
1581,378,Увлажнение воздуха,5000,1
1582,378,Комплектация,5892,1
1583,381,Общая информация,2218,1
1584,381,Основные,1534,1
1585,381,Особенности конструкции,2750,1
1586,353,Общая информация,2218,1
1587,353,Основные,1534,1
1588,353,Технические характеристики,3392,1
1589,353,Перекачиваемая вода,4000,1
1590,353,Размеры и вес,4178,1
1591,385,Основные,1534,1
1592,385,Управление и индикация,3417,1
1593,385,Функциональные особенности,4270,1
1594,386,Основные,1534,1
1595,386,Общая информация,2218,1
1596,384,Общая информация,2218,1
1597,384,Основные,1534,1
1598,384,Функциональные особенности,4270,1
1599,384,Экран,5688,1
1600,384,Технические характеристики,3392,1
1601,384,Комплектация,5892,1
1602,388,Общая информация,2218,1
1603,388,Основные,1534,1
1604,388,Размеры и вес,4178,1
1605,353,Аккумулятор,5556,1
1606,380,Общая информация,2218,1
1607,380,Основные,1534,1
1608,390,Общая информация,2218,1
1609,390,Основные,1534,1
1610,380,Конструкция,3773,1
1611,380,Размеры и вес,4178,1
1612,380,Размеры в собранном виде,4500,1
1613,389,Основные,1534,1
1614,389,Технические характеристики,3392,1
1615,389,Функциональные особенности,4270,1
1616,389,Комплектация,5892,1
1617,389,Аккумулятор,5556,1
1618,389,Размеры и вес,4178,1
1619,373,Общая информация,2218,1
1620,373,Основные,1534,1
1621,373,Конструкция,3773,1
1622,373,Интерфейсы,6404,1
1623,373,Производительность и энергоэффективность,5000,1
1624,373,Функциональные особенности,4270,1
1625,373,Габариты,7600,1
1626,191,Общая информация,1000,1
1627,191,Основные,1000,1
1628,191,Размеры и вес,1000,1
1629,192,Основные,1000,1
1630,192,Комплектация,1000,1
1631,192,Размеры,1000,1
1632,192,Общая информация,1000,1
1633,196,Основные,1000,1
1634,196,Конструктивные характеристики,1000,1
1635,196,Функции,1000,1
1636,196,Общая информация,1000,1
1637,196,Размеры и вес,1000,1
1638,197,Общая информация,1000,1
1639,197,Основные,1000,1
1640,197,Экран,1000,1
1641,197,Технические характеристики,1000,1
1642,197,Питание,1000,1
1643,197,Размеры и вес,1000,1
1644,197,Объектив,1000,1
1645,197,Режимы и функции,1000,1
1646,197,Память,1000,1
1647,194,Общая информация,1000,1
1648,194,Основные,1000,1
1649,194,Комплектация,1000,1
1650,200,Основные,1000,1
1651,200,Общая информация,1000,1
1652,200,Комплектация,1000,1
1653,202,Общая информация,1000,1
1654,202,Основные,1000,1
1655,202,Интерфейсы,1000,1
1656,202,Акустическая система,1000,1
1657,202,Параметры воспроизведения,1000,1
1658,202,Функциональность,1000,1
1659,202,Размеры и вес,1000,1
1660,202,Питание,1000,1
1661,204,Основные,1000,1
1662,204,Технические характеристики,1000,1
1663,204,Конструкция,1000,1
1664,204,Общая информация,1000,1
1665,193,"Возможно, вас заинтересует",1000,1
1666,193,Основные,1000,1
1667,193,Конструкция,1000,1
1668,193,Общая информация,1000,1
1669,193,Комплектация,1000,1
1670,193,Размеры,1000,1
1671,184,Общая информация,1000,1
1672,184,Основные,1000,1
1673,190,"Возможно, вас заинтересует",1000,1
1674,190,Общая информация,1000,1
1675,190,Конструкция,1000,1
1676,190,Рама,1000,1
1677,190,Вилка,1000,1
1678,190,Трансмиссия,1000,1
1679,190,Тормоза,1000,1
1680,190,Колёса,1000,1
1681,190,Комплектация,1000,1
1682,190,Манетки (шифтеры),1000,1
1683,203,Основные,1000,1
1684,203,Технические характеристики,1000,1
1685,203,Комплектация,1000,1
1686,203,Размеры и вес,1000,1
1687,203,Общая информация,1000,1
1688,201,Основные,1000,1
1689,201,Общая информация,1000,1
1690,195,Основные,1000,1
1691,195,Конструкция,1000,1
1692,195,Общая информация,1000,1
1693,195,Размеры и вес,1000,1
1694,205,Общая информация,1000,1
1695,205,Основные,1000,1
1696,205,Размеры и вес,1000,1
1697,205,Дополнительно,1000,1
1698,205,Производительность и энергоэффективность,1000,1
1699,212,Общая информация,1000,1
1700,212,Основные,1000,1
1701,212,Технические характеристики,1000,1
1702,212,Функциональность фотоэпилятора,1000,1
1703,212,Питание,1000,1
1704,212,Комплектация,1000,1
1705,215,Основные,1000,1
1706,215,Функциональные особенности,1000,1
1707,215,Двигатель,1000,1
1708,215,Комплектация,1000,1
1709,214,Общая информация,1000,1
1710,214,Основные,1000,1
1711,214,Размеры и вес,1000,1
1712,214,Питание и время работы,1000,1
1713,217,Общая информация,1000,1
1714,217,Звукосниматель,1000,1
1715,217,Тонарм,1000,1
1716,216,Общая информация,1000,1
1717,216,Основные,1000,1
1718,216,Размеры и вес,1000,1
1719,219,Общая информация,1000,1
1720,219,Основные,1000,1
1721,219,Размеры и вес,1000,1
1722,213,Общая информация,1000,1
1723,213,Основные,1000,1
1724,213,Особенности конструкции,1000,1
1725,206,Основные,1000,1
1726,206,Общая информация,1000,1
1727,206,Управление и индикация,1000,1
1728,206,Духовой шкаф,1000,1
1729,206,Режимы работы духового шкафа,1000,1
1730,213,Размеры и вес,1000,1
1731,206,Комплектация,1000,1
1732,206,Габариты,1000,1
1733,206,Размеры ниши для встраивания,1000,1
1734,206,Посудомоечная машина,1000,1
1735,213,Комплектация,1000,1
1736,211,Основные,1000,1
1737,211,Общая информация,1000,1
1738,221,Общая информация,1000,1
1739,221,Основные,1000,1
1740,221,Размеры и вес,1000,1
1741,220,Общая информация,1000,1
1742,220,Основные,1000,1
1743,220,Характеристики ирригатора,1000,1
1744,220,Конструкция,1000,1
1745,220,Комплектация,1000,1
1746,220,"Возможно, вас заинтересует",1000,1
1747,227,Основные,1000,1
1748,227,Размеры и вес,1000,1
1749,227,Общая информация,1000,1
1750,226,Основные,1000,1
1751,226,Общая информация,1000,1
1752,226,Комплектация,1000,1
1753,226,Размеры и вес,1000,1
1754,223,Общая информация,1000,1
1755,223,Жанры,1000,1
1756,223,Временные рамки/Направление,1000,1
1757,223,Количество игроков,1000,1
1758,223,Разработка и распространение,1000,1
1759,210,Основные,1000,1
1760,210,Размеры и вес,1000,1
1761,210,Общая информация,1000,1
1762,228,Основные,1000,1
1763,228,Технические характеристики,1000,1
1764,228,Размеры и вес,1000,1
1765,228,Комплектация,1000,1
1766,228,Общая информация,1000,1
1767,225,Основные,1000,1
1768,225,Общая информация,1000,1
1769,231,Общая информация,1000,1
1770,231,Основные,1000,1
1771,231,Размеры и вес,1000,1
1772,230,Общая информация,1000,1
1773,230,Основные,1000,1
1774,230,Размеры и вес,1000,1
1775,229,Основные,1000,1
1776,229,Комплектация,1000,1
1777,229,Размеры и вес,1000,1
1778,229,Общая информация,1000,1
1779,224,"Возможно, вас заинтересует",1000,1
1780,224,Общая информация,1000,1
1781,224,Жанры,1000,1
1782,224,Количество игроков,1000,1
1783,224,Разработка и распространение,1000,1
1784,222,Основные,1000,1
1785,222,Размеры и вес,1000,1
1786,222,Общая информация,1000,1
1787,235,Основные,1000,1
1788,235,Общая информация,1000,1
1789,236,Основные,1000,1
1790,233,Основные,1000,1
1791,233,Технические характеристики,1000,1
1792,233,Общая информация,1000,1
1793,236,Общая информация,1000,1
1794,233,Конструктивные характеристики,1000,1
1795,233,Интерфейсы,1000,1
1796,233,Комплектация,1000,1
1797,233,Размеры и вес,1000,1
1798,238,Общая информация,1000,1
1799,238,Основные,1000,1
1800,237,Основные,1000,1
1801,237,Конструкция,1000,1
1802,237,Размеры и вес,1000,1
1803,237,Хранение данных,1000,1
1804,237,Матрица,1000,1
1805,237,Объектив,1000,1
1806,237,Работа с изображением,1000,1
1807,237,Интерфейсы,1000,1
1808,237,Работа со звуком,1000,1
1809,237,Питание,1000,1
1810,237,Эксплуатация,1000,1
1811,237,Общая информация,1000,1
1812,234,Основные,1000,1
1813,234,Общая информация,1000,1
1814,234,Технические характеристики,1000,1
1815,234,Интерфейсы,1000,1
1816,234,Аккумулятор и время работы,1000,1
1817,234,Габариты,1000,1
1818,241,Общая информация,1000,1
1819,241,Основные,1000,1
1820,241,Особенности конструкции,1000,1
1821,241,Дополнительные элементы,1000,1
1822,241,Размеры и вес,1000,1
1823,249,Общая информация,1000,1
1824,249,Основные,1000,1
1825,249,Размеры и вес,1000,1
1826,250,Основные,1000,1
1827,250,Размеры и вес,1000,1
1828,250,Общая информация,1000,1
1829,244,Общая информация,1000,1
1830,244,Основные,1000,1
1831,244,Размеры и вес,1000,1
1832,245,Общая информация,1000,1
1833,245,Основные,1000,1
1834,245,Размеры и вес,1000,1
1835,253,Основные,1000,1
1836,253,Общая информация,1000,1
1837,246,Общая информация,1000,1
1838,246,Основные,1000,1
1839,246,Размеры и вес,1000,1
1840,258,Основные,1000,1
1841,258,Акустическая система,1000,1
1842,258,Интерфейсы,1000,1
1843,258,Сабвуфер,1000,1
1844,258,Комплектация,1000,1
1845,258,Общая информация,1000,1
1846,254,Основные,1000,1
1848,254,Технические характеристики,1000,1
1849,254,Конструкция,1000,1
1850,254,Размеры и вес,1000,1
1851,254,Общая информация,1000,1
1852,255,Общая информация,1000,1
1853,255,Основные,1000,1
1854,255,Конструкция,1000,1
1855,255,Производительность и энергоэффективность,1000,1
1856,255,Управление и индикация,1000,1
1857,255,Шум,1000,1
1858,255,Очистка воздуха,1000,1
1859,255,Габариты,1000,1
1860,242,Общая информация,1000,1
1861,242,Основные,1000,1
1862,242,Особенности конструкции,1000,1
1863,257,Общая информация,1000,1
1864,257,Основные,1000,1
1865,257,Размеры и характеристики,1000,1
1866,265,Общая информация,1000,1
1867,265,Основные,1000,1
1868,265,Помол,1000,1
1869,265,Удобство и безопасность,1000,1
1870,260,Общая информация,1000,1
1871,260,Основные,1000,1
1872,260,Размеры и вес,1000,1
1873,263,Общая информация,1000,1
1874,263,Основные,1000,1
1875,259,Основные,1000,1
1876,259,Общая информация,1000,1
1877,259,Конструкция,1000,1
1878,268,Основные,1000,1
1879,268,Общая информация,1000,1
1880,264,"Возможно, вас заинтересует",1000,1
1881,266,Общая информация,1000,1
1882,266,Основные,1000,1
1883,264,Общая информация,1000,1
1884,264,Основные,1000,1
1885,266,Размеры и вес,1000,1
1886,264,Конструкция и вместимость,1000,1
1887,264,Управление и индикация,1000,1
1888,264,Процесс приготовления,1000,1
1889,264,Функциональные особенности,1000,1
1890,264,Габариты,1000,1
1891,261,Общая информация,1000,1
1892,261,Основные,1000,1
1893,264,Размеры ниши для встраивания,1000,1
1894,273,Общая информация,1000,1
1895,273,Основные,1000,1
1896,276,Основные,1000,1
1897,276,Технические характеристики,1000,1
1898,276,Размеры и вес,1000,1
1899,276,Функциональность,1000,1
1900,276,Общая информация,1000,1
1901,271,Основные,1000,1
1902,271,Дополнительная информация,1000,1
1903,271,Размеры и вес,1000,1
1904,271,Общая информация,1000,1
1905,274,Общая информация,1000,1
1906,274,Технические характеристики,1000,1
1907,274,Характеристики ламп,1000,1
1908,274,Характеристики блоков розжига,1000,1
1909,274,Дополнительная информация,1000,1
1910,277,Основные,1000,1
1911,277,Функциональные особенности,1000,1
1912,277,Аккумулятор,1000,1
1913,277,Режущая система,1000,1
1914,277,Двигатель,1000,1
1915,277,Общая информация,1000,1
1916,269,Основные,1000,1
1917,269,Общая информация,1000,1
1918,269,Конструкция,1000,1
1919,269,Размеры и вес,1000,1
1920,272,Основные,1000,1
1921,272,Инсталляционные характеристики,1000,1
1922,272,Общая информация,1000,1
1923,280,Общая информация,1000,1
1924,280,Основные,1000,1
1925,280,Модули,1000,1
1926,280,Функциональные особенности,1000,1
1927,280,Размеры и вес,1000,1
1928,280,Комплектация,1000,1
1929,278,Основные,1000,1
1930,278,Технические характеристики,1000,1
1931,278,Функции,1000,1
1932,278,Габариты,1000,1
1933,278,Общая информация,1000,1
1934,267,Общая информация,1000,1
1935,267,Основные,1000,1
1936,285,Основные,1000,1
1937,285,Технические характеристики,1000,1
1938,285,Конструкция,1000,1
1939,285,Питание и время работы,1000,1
1940,285,Размеры и вес,1000,1
1941,285,Общая информация,1000,1
1942,285,Интерфейсы,1000,1
1943,285,Программные функции,1000,1
1944,285,Комплектация,1000,1
1945,283,Основные,1000,1
1946,283,Управление и индикация,1000,1
1947,283,Варочная панель,1000,1
1948,283,Духовой шкаф,1000,1
1949,283,Режимы работы духового шкафа,1000,1
1950,283,Комплектация,1000,1
1951,283,Габариты,1000,1
1952,283,Посудомоечная машина,1000,1
1953,283,Общая информация,1000,1
1954,286,Общая информация,1000,1
1955,286,Основные,1000,1
1956,286,Технические характеристики,1000,1
1957,286,Конструкция,1000,1
1958,286,Питание и время работы,1000,1
1959,286,Размеры и вес,1000,1
1960,286,Комплектация,1000,1
1961,292,Общая информация,1000,1
1962,292,Основные,1000,1
1963,292,Размеры и вес,1000,1
1964,292,Двигатель,1000,1
1965,294,Основные,1000,1
1966,287,Основные,1000,1
1967,287,Общая информация,1000,1
1968,383,Технические характеристики,1000,1
1969,383,Декор,1000,1
1970,383,Размеры,1000,1
1972,383,Общая информация,1000,1
1973,395,Основные,1000,1
1974,395,Технические характеристики,1000,1
1975,395,Размеры и вес,1000,1
1976,395,Комплектация,1000,1
1977,397,Основные,1000,1
1978,397,Комплектация,1000,1
1979,397,Размеры и вес,1000,1
1980,399,Основные,1000,1
1981,399,Размеры и вес,1000,1
1982,399,Функциональные особенности,1000,1
1983,399,Комплектация,1000,1
1984,399,Общая информация,1000,1
1985,400,Основные,1000,1
1986,400,Общая информация,1000,1
1987,400,Особенности конструкции,1000,1
1988,400,Размеры и вес,1000,1
1989,396,Основные,1000,1
1990,396,Технические характеристики,1000,1
1991,396,Размеры и вес,1000,1
1992,392,Основные,1000,1
1993,392,Общая информация,1000,1
1994,404,Общая информация,1000,1
1995,404,Основные,1000,1
1996,404,Конструкция,1000,1
1997,404,Размеры и вес,1000,1
1998,404,Аккумулятор и время работы,1000,1
1999,404,Функциональные особенности,1000,1
2000,404,Комплектация,1000,1
2001,406,Общая информация,1000,1
2002,406,Основные,1000,1
2003,398,Основные,1000,1
2004,398,Общая информация,1000,1
2005,398,Конструкция,1000,1
2006,401,Основные,1000,1
2007,401,Общая информация,1000,1
2008,401,Комплектация,1000,1
2009,408,Основные,1000,1
2010,394,Основные,1000,1
2011,394,Конструкция,1000,1
2012,394,Общая информация,1000,1
2013,394,Функциональные особенности,1000,1
2014,394,Комплектация,1000,1
2015,410,Основные,1000,1
2016,413,Основные,1000,1
2017,412,Основные,1000,1
2018,414,Основные,1000,1
2019,418,Основные,1000,1
2020,419,Основные,1000,1
2021,419,Общая информация,1000,1
2022,419,Размеры и вес,1000,1
2023,416,Основные,1000,1
2024,420,Основные,1000,1
2025,420,Общая информация,1000,1
2026,420,Размеры и вес,1000,1
2027,387,Общая информация,1000,1
2028,387,Основные,1000,1
2029,391,Основные,1000,1
2030,391,Особенности конструкции,1000,1
2031,391,Размеры и вес,1000,1
2032,391,Общая информация,1000,1
2033,391,Особенности геймерских столов,1000,1
2034,421,Общая информация,1000,1
2035,421,Основные,1000,1
2036,421,Функции,1000,1
2037,421,Поддержка контента,1000,1
2038,421,Интерфейсы,1000,1
2039,421,Габариты,1000,1
2040,421,Комплектация,1000,1
2041,423,Общая информация,1000,1
2042,423,Основные,1000,1
2043,423,Технические характеристики,1000,1
2044,423,Механизм печати,1000,1
2045,423,Интерфейсы,1000,1
2046,423,Размеры и вес,1000,1
2047,423,Комплектация,1000,1
2048,407,"Возможно, вас заинтересует",1000,1
2049,407,Общая информация,1000,1
2050,407,Основные,1000,1
2051,407,Особенности конструкции,1000,1
2052,407,Программные функции,1000,1
2053,407,Производительность и энергоэффективность,1000,1
2054,407,Управление и индикация,1000,1
2055,407,Функциональные особенности,1000,1
2056,407,Габариты,1000,1
2057,407,Размеры ниши для встраивания,1000,1
2058,426,Основные,1000,1
2059,426,Питание,1000,1
2060,426,Функциональные особенности,1000,1
2061,426,Размеры и вес,1000,1
2062,426,Комплектация,1000,1
2063,426,Общая информация,1000,1
2064,427,Общая информация,1000,1
2065,427,Основные,1000,1
2066,427,Технические характеристики,1000,1
2067,427,Память,1000,1
2068,427,Интерфейсы,1000,1
2069,427,Размеры и вес,1000,1
2070,427,Комплектация,1000,1
2071,427,Аккумулятор и время работы,1000,1
2072,428,Общая информация,1000,1
2073,428,Основные,1000,1
2074,428,Технические характеристики,1000,1
2075,428,Размеры и вес,1000,1
2076,432,Основные,1000,1
2077,431,Основные,1000,1
2078,433,Общая информация,1000,1
2079,433,Основные,1000,1
2080,433,Размеры и вес,1000,1
2081,437,Основные,1000,1
2082,437,Размеры и вес,1000,1
2083,437,Общая информация,1000,1
2084,438,Общая информация,1000,1
2085,438,Конструкция,1000,1
2086,438,Индикация,1000,1
2087,438,Обнаружение радиодиапазонов,1000,1
2088,438,Обнаружение сигналов лазера,1000,1
2089,438,GPS,1000,1
2090,438,Дополнительная информация,1000,1
2091,438,Питание,1000,1
2092,438,Размеры и вес,1000,1
2093,435,Основные,1000,1
2094,434,Общая информация,1000,1
2095,434,Основные,1000,1
2096,434,Технические характеристики,1000,1
2097,434,Габариты и вес,1000,1
2098,434,Дополнительные функции,1000,1
2099,434,Комплектация,1000,1
2100,440,Основные,1000,1
2101,440,Общая информация,1000,1
2102,440,Характеристики родительского блока (приемника),1000,1
2103,440,Характеристики детского блока (передатчика),1000,1
2104,430,Основные,1000,1
2105,430,Общая информация,1000,1
2106,443,Общая информация,1000,1
2107,443,Основные,1000,1
2108,443,Конструкция,1000,1
2109,443,Телефонная книга и органайзер,1000,1
2110,443,Размеры и вес,1000,1
2111,443,Короткие сообщения,1000,1
2112,443,Экран,1000,1
2113,443,Работа со звуком,1000,1
2114,443,Функции вызова и персонализация,1000,1
2115,443,Интерфейсы,1000,1
2116,443,Радиопокрытие,1000,1
2117,443,Питание,1000,1
2118,443,Аккумулятор и время работы,1000,1
2119,443,Комплектация,1000,1
2120,441,Общая информация,1000,1
2121,441,Основные,1000,1
2122,441,Экран,1000,1
2123,441,Функциональность,1000,1
2124,441,Интерфейсы,1000,1
2125,441,Тюнер,1000,1
2126,441,Дополнительно,1000,1
2127,441,Размеры и вес,1000,1
2128,441,Питание,1000,1
2129,446,Основные,1000,1
2130,446,Общая информация,1000,1
2131,446,Технические характеристики,1000,1
2132,446,Размеры и вес,1000,1
2133,446,Аккумулятор и время работы,1000,1
2134,446,Комплектация,1000,1
2135,446,Камера,1000,1
2136,425,Общая информация,1000,1
2137,425,Основные,1000,1
2138,425,Особенности конструкции,1000,1
2139,425,Размеры и вес,1000,1
2140,448,Основные,1000,1
2141,448,Размеры и вес,1000,1
2142,448,Общая информация,1000,1
2143,445,Основные,1000,1
2144,444,Общая информация,1000,1
2145,444,Основные,1000,1
2146,445,Технические характеристики,1000,1
2147,445,Размеры и вес,1000,1
2148,444,Технические характеристики,1000,1
2149,445,Аккумулятор и время работы,1000,1
2150,445,Комплектация,1000,1
2151,444,Камера,1000,1
2152,445,Общая информация,1000,1
2153,444,Размеры и вес,1000,1
2154,444,Аккумулятор и время работы,1000,1
2155,444,Комплектация,1000,1
2156,449,Основные,1000,1
2157,449,Общая информация,1000,1
2158,444,Характеристики FPV-очков/шлема,1000,1
2159,451,Основные,1000,1
2160,452,Общие характеристики,1000,1
2161,454,Основные,1000,1
2162,454,Особенности конструкции,1000,1
2163,454,Размеры и вес,1000,1
2164,454,Общая информация,1000,1
2165,450,Общая информация,1000,1
2166,450,Основные,1000,1
2167,450,Характеристики накладки,1000,1
2168,450,Характеристики основания,1000,1
2169,450,Набор,1000,1
2170,450,Характеристики мяча,1000,1
2171,450,Аксессуары/комплектующие,1000,1
2172,455,Основные,1000,1
2173,455,Размеры и вес,1000,1
2174,455,Комплектация,1000,1
2175,455,Общая информация,1000,1
2176,458,Основные,1000,1
2177,458,Технические характеристики,1000,1
2178,458,Габариты,1000,1
2179,458,Комплектация,1000,1
2180,458,Общая информация,1000,1
2181,458,Аккумулятор,1000,1
2182,460,Основные,1000,1
2183,460,Размеры и вес,1000,1
2184,459,Основные,1000,1
2185,459,Технические характеристики,1000,1
2186,459,Комплектация,1000,1
2187,459,Общая информация,1000,1
2188,463,Общая информация,1000,1
2189,463,Основные,1000,1
2190,463,Особенности конструкции,1000,1
2191,453,Основные,1000,1
2192,453,Общая информация,1000,1
2193,465,Основные,1000,1
2194,465,Двигатель,1000,1
2195,465,Комплектация,1000,1
2196,465,Общая информация,1000,1
2197,436,Общая информация,1000,1
2198,436,Основные,1000,1
2199,436,Конструкция,1000,1
2200,436,Фильтрация,1000,1
2201,436,Функциональные особенности,1000,1
2202,436,Производительность и энергоэффективность,1000,1
2203,436,Комплектация,1000,1
2204,436,Питание,1000,1
2205,436,Габариты,1000,1
2206,466,Основные,1000,1
2207,466,Особенности конструкции,1000,1
2208,466,Размеры и вес,1000,1
2209,466,Комплектация,1000,1
2210,466,Общая информация,1000,1
2211,457,Общая информация,1000,1
2212,457,Основные,1000,1
2213,457,Конструкция,1000,1
2214,457,Комплектация,1000,1
2215,471,Общая информация,1000,1
2216,471,Основные,1000,1
2217,471,Акустическая система,1000,1
2218,471,Функциональность,1000,1
2219,471,Сабвуфер,1000,1
2220,471,Интерфейсы,1000,1
2221,471,Комплектация,1000,1
2222,471,Фронтальная АС,1000,1
2223,471,Тыловая АС,1000,1
2224,471,Центральная АС,1000,1
2225,464,Основные,1000,1
2226,464,Стулья,1000,1
2227,464,Общая информация,1000,1
2228,464,Размеры и вес,1000,1
2229,474,Общая информация,1000,1
2230,474,Основные,1000,1
2231,474,Размеры и вес,1000,1
2232,474,Дополнительно,1000,1
2233,474,Комплектация,1000,1
2234,467,Основные,1000,1
2235,467,Общая информация,1000,1
2236,469,Основные,1000,1
2237,469,Общая информация,1000,1
2238,469,Размеры и вес,1000,1
2239,469,Функциональные особенности,1000,1
2240,476,Основные,1000,1
2241,476,Особенности конструкции,1000,1
2242,476,Общая информация,1000,1
2243,476,Размеры и вес,1000,1
2244,473,Общая информация,1000,1
2245,473,Технические характеристики,1000,1
2246,473,Размеры и вес,1000,1
2247,473,Комплектация,1000,1
2248,473,Дополнительные функции,1000,1
2249,475,Общая информация,1000,1
2250,475,Основные,1000,1
2251,478,Общая информация,1000,1
2252,478,Основные,1000,1
2253,480,Общая информация,1000,1
2254,480,Основные,1000,1
2255,480,Интерфейсы,1000,1
2256,480,Беспроводная сеть,1000,1
2257,479,Общая информация,1000,1
2258,479,Основные,1000,1
2259,479,Технические характеристики,1000,1
2260,479,Функциональность,1000,1
2261,479,Интерфейсы,1000,1
2262,479,Размеры и вес,1000,1
2263,470,Основные,1000,1
2264,470,Общая информация,1000,1
2265,470,Размеры и вес,1000,1
2266,477,Общая информация,1000,1
2267,477,Основные,1000,1
2268,477,Посадка и уход,1000,1
2269,472,Общая информация,1000,1
2270,472,Основные,1000,1
2271,472,Размеры и вес,1000,1
2272,468,Основные,1000,1
2273,468,Конструкция,1000,1
2274,468,Размеры и вес,1000,1
2275,468,Комплектация,1000,1
2276,468,Общая информация,1000,1
2277,485,Основные,1000,1
2278,485,Технические характеристики,1000,1
2279,485,Функциональные особенности,1000,1
2280,485,Эксплуатация,1000,1
2281,485,Размеры и вес,1000,1
2282,485,Комплектация,1000,1
2283,485,Беспроводная связь,1000,1
2284,482,Основные,1000,1
2285,482,Функции,1000,1
2286,482,Запоминающие устройства,1000,1
2287,482,Интерфейсы,1000,1
2288,482,Общая информация,1000,1
2289,482,Звуковые контроллеры,1000,1
2290,482,Конструкция,1000,1
2291,482,Размеры и вес,1000,1
2292,482,Проигрыватель USB и рекордер,1000,1
2293,487,Основные,1000,1
2294,487,Технические характеристики,1000,1
2295,487,Общая информация,1000,1
2296,487,Размеры и вес,1000,1
2297,487,Комплектация,1000,1
2298,487,Питание,1000,1
2299,489,Основные,1000,1
2300,489,Общая информация,1000,1
2301,490,Основные,1000,1
2302,490,Двигатель,1000,1
2303,490,Конструкция,1000,1
2304,490,Колеса,1000,1
2305,490,Размеры и вес,1000,1
2306,483,Общая информация,1000,1
2307,483,Основные,1000,1
2308,486,Основные,1000,1
2309,486,Особенности конструкции,1000,1
2310,486,Размеры и вес,1000,1
2311,486,Общая информация,1000,1
2312,495,Основные,1000,1
2313,495,Функциональные особенности,1000,1
2314,495,Двигатель,1000,1
2315,495,Конструкция и габариты,1000,1
2316,495,Питание,1000,1
2317,495,Комплектация,1000,1
2318,495,Общая информация,1000,1
2319,499,Общая информация,1000,1
2320,499,Основные,1000,1
2321,499,Технические характеристики,1000,1
2322,499,Функции,1000,1
2323,499,Прием сигнала,1000,1
2324,499,Поддержка контента,1000,1
2325,499,Память,1000,1
2326,499,Интерфейсы,1000,1
2327,499,Сетевое взаимодействие,1000,1
2328,499,Размеры и вес,1000,1
2329,481,Основные,1000,1
2330,481,Конструкция,1000,1
2331,481,Размеры и вес,1000,1
2332,481,Общая информация,1000,1
2333,500,Общая информация,1000,1
2334,500,Основные,1000,1
2335,484,Основные,1000,1
2336,484,Размеры и вес,1000,1
2337,484,Общая информация,1000,1
2338,502,Общая информация,1000,1
2339,502,Состав,1000,1
2340,492,Основные,1000,1
2341,492,Общая информация,1000,1
2342,496,Общая информация,1000,1
2343,496,Основные,1000,1
2344,496,Особенности использования,1000,1
2345,496,Габариты,1000,1
2346,503,Основные,1000,1
2347,503,Общая информация,1000,1
2348,504,Основные,1000,1
2349,504,Общая информация,1000,1
2350,508,Основные,1000,1
2351,508,Общие характеристики,1000,1
2352,510,Основные,1000,1
2353,510,Информационный блок,1000,1
2354,510,Программные функции,1000,1
2355,510,Дополнительная информация,1000,1
2356,510,Общая информация,1000,1
2357,510,Конструкция и габариты,1000,1
2358,498,Общая информация,1000,1
2359,498,Основные,1000,1
2360,509,Общая информация,1000,1
2361,509,Основные,1000,1
2362,509,Размеры и вес,1000,1
2363,509,Технические характеристики,1000,1
2364,507,Основные,1000,1
2365,507,Общая информация,1000,1
2366,513,Основные,1000,1
2367,513,Особенности конструкции,1000,1
2368,513,Размеры и вес,1000,1
2369,514,Основные,1000,1
2370,514,Размеры и вес,1000,1
2371,516,Общая информация,1000,1
2372,516,Основные,1000,1
2373,516,Акустическая система,1000,1
2374,516,Интерфейсы,1000,1
2375,516,Комплектация,1000,1
2376,506,Общая информация,1000,1
2377,506,Основные,1000,1
2378,506,Технические характеристики,1000,1
2379,506,Габариты,1000,1
2380,517,Конструкция,1000,1
2381,517,Функции электронного укачивания,1000,1
2382,517,Размеры и вес,1000,1
2383,517,Общая информация,1000,1
2384,511,Общая информация,1000,1
2385,511,Основные,1000,1
2386,511,Особенности конструкции,1000,1
2387,511,Программные функции,1000,1
2388,511,Производительность и энергоэффективность,1000,1
2389,511,Управление и индикация,1000,1
2390,511,Габариты,1000,1
2391,511,Размеры ниши для встраивания,1000,1
2392,515,Общая информация,1000,1
2393,515,Основные,1000,1
2394,515,Размеры и вес,1000,1
2395,519,Основные,1000,1
2396,519,Внутренний объём,1000,1
2397,519,Размеры отделения для устройства,1000,1
2398,519,Габариты,1000,1
2399,519,Общая информация,1000,1
2400,520,Основные,1000,1
2401,520,Размеры отделения для устройства,1000,1
2402,520,Габариты,1000,1
2403,521,Основные,1000,1
2404,521,Размеры и вес,1000,1
2405,521,Общая информация,1000,1
2406,560,Основные,1000,1
2407,560,Общая информация,1000,1
2408,560,Инструменты,1000,1
2409,571,Основные,1000,1
2410,571,Технические характеристики,1000,1
2411,571,Габариты,1000,1
2412,571,Общая информация,1000,1
2413,573,Общая информация,1000,1
2414,573,Основные,1000,1
2415,572,Основные,1000,1
2416,572,Технические характеристики,1000,1
2417,572,Интерфейсы,1000,1
2418,572,Размеры и вес,1000,1
2419,573,Размеры и вес,1000,1
2420,572,Общая информация,1000,1
2421,562,Основные,1000,1
2422,562,Функциональные особенности,1000,1
2423,562,Комплектация,1000,1
2424,562,Аккумулятор,1000,1
2425,562,Общая информация,1000,1
2426,570,Основные,1000,1
2427,570,Управление и индикация,1000,1
2428,570,Функциональные особенности,1000,1
2429,570,Габариты и вес,1000,1
2430,570,Общая информация,1000,1
2431,575,Основные,1000,1
2432,575,Общая информация,1000,1
2433,579,Основные,1000,1
2434,579,Функциональные особенности,1000,1
2435,579,Размеры и вес,1000,1
2436,544,Общая информация,1000,1
2437,544,Основные,1000,1
2438,544,Размеры и вес,1000,1
2439,544,Комплектация,1000,1
2440,564,Основные,1000,1
2441,564,Особенности конструкции,1000,1
2442,564,Общая информация,1000,1
2443,581,Основные,1000,1
2444,581,Общая информация,1000,1
2445,581,Размеры и вес,1000,1
2446,574,Основные,1000,1
2447,574,Общая информация,1000,1
2448,574,Конструкция,1000,1
2449,574,Размеры и вес,1000,1
2450,574,Пар,1000,1
2451,574,Функциональные особенности,1000,1
2452,574,Комплектация,1000,1
2453,584,Основные,1000,1
2454,584,Технические характеристики,1000,1
2455,584,Интерфейсы,1000,1
2456,584,Общая информация,1000,1
2457,584,Размеры и вес,1000,1
2458,569,Основные,1000,1
2459,569,Общая информация,1000,1
2460,569,Комплектация,1000,1
2461,569,Габариты,1000,1
2462,569,Умный унитаз,1000,1
2463,587,Основные,1000,1
2464,587,Объектив,1000,1
2465,587,Режимы и функции,1000,1
2466,587,Память,1000,1
2467,587,Питание,1000,1
2468,587,Размеры и вес,1000,1
2469,587,Общая информация,1000,1
2470,588,Основные,1000,1
2471,588,Функциональные особенности,1000,1
2472,588,Комплектация,1000,1
2473,588,Аккумулятор,1000,1
2474,588,Общая информация,1000,1
2475,589,Общая информация,1000,1
2476,589,Основные,1000,1
2477,589,Функциональные особенности,1000,1
2478,582,Основные,1000,1
2479,582,Общая информация,1000,1
2480,582,Технические характеристики,1000,1
2481,582,Размеры и вес,1000,1
2482,582,Комплектация,1000,1
2483,590,Основные,1000,1
2484,590,Комплектация,1000,1
2485,590,Функциональные особенности,1000,1
2486,590,Размеры и вес,1000,1
2487,590,Общая информация,1000,1
2488,578,Основные,1000,1
2489,578,Общая информация,1000,1
2490,592,Основные,1000,1
2491,592,Общие характеристики,1000,1
2492,592,Общая информация,1000,1
2493,594,Основные,1000,1
2494,596,Общая информация,1000,1
2495,596,Основные,1000,1
2496,598,Основные,1000,1
2497,598,Экран,1000,1
2498,598,Общая информация,1000,1
2499,598,Работа с изображением,1000,1
2500,598,Память,1000,1
2501,598,Интерфейсы,1000,1
2502,598,Дополнительная информация,1000,1
2503,598,Габариты,1000,1
2504,598,Питание,1000,1
2505,598,Измерения внутри помещения,1000,1
2506,598,Измерения на улице,1000,1
2507,586,"Возможно, вас заинтересует",1000,1
2508,586,Общая информация,1000,1
2509,586,Основные,1000,1
2510,583,Общая информация,1000,1
2511,583,Основные,1000,1
2512,583,Свет,1000,1
2513,586,Конструкция,1000,1
2514,583,Корпус,1000,1
2515,586,Размеры и вес,1000,1
2516,586,Экран,1000,1
2517,583,Питание и время работы,1000,1
2518,586,Матрица,1000,1
2519,583,Размеры и вес,1000,1
2520,586,Объектив,1000,1
2521,586,Работа с изображением,1000,1
2522,583,Дополнительно,1000,1
2523,583,Комплектация,1000,1
2524,586,Экспозиция и затвор,1000,1
2525,586,Вспышка,1000,1
2526,586,Режимы съемки,1000,1
2527,586,Работа со звуком,1000,1
2528,586,Память,1000,1
2529,586,Навигация,1000,1
2530,586,Интерфейсы,1000,1
2531,586,Аккумулятор и время работы,1000,1
2532,586,Комплектация,1000,1
2533,585,Основные,1000,1
2534,585,Размеры и характеристики,1000,1
2535,585,Общая информация,1000,1
2536,597,Основные,1000,1
2537,597,Функциональные особенности,1000,1
2538,597,Общая информация,1000,1
2539,597,Комплектация,1000,1
2540,597,Аккумулятор,1000,1
2541,603,Основные,1000,1
2542,603,Общая информация,1000,1
2543,604,Основные,1000,1
2544,595,Общая информация,1000,1
2545,595,Основные,1000,1
2546,604,Размеры и вес,1000,1
2547,604,Общая информация,1000,1
2548,601,Основные,1000,1
2549,601,Особенности конструкции,1000,1
2550,601,Комплектация,1000,1
2551,601,Габариты и вес,1000,1
2552,601,Общая информация,1000,1
2553,601,Размеры отделения для устройства,1000,1
2554,605,Основные,1000,1
2555,605,Размеры и вес,1000,1
2556,605,Комплектация,1000,1
2557,605,Общая информация,1000,1
2558,607,Основные,1000,1
2559,607,Особенности конструкции,1000,1
2560,607,Стулья,1000,1
2561,607,Размеры и вес,1000,1
2562,599,Основные,1000,1
2563,599,Общая информация,1000,1
2564,599,Особенности конструкции,1000,1
2565,599,Размеры и вес,1000,1
2566,611,Основные,1000,1
2567,611,Функциональные особенности,1000,1
2568,611,Комплектация,1000,1
2569,609,Общая информация,1000,1
2570,609,Основные,1000,1
2571,609,Свойства,1000,1
2572,616,Основные,1000,1
2573,616,Общая информация,1000,1
2574,616,Размеры и вес,1000,1
2575,606,Основные,1000,1
2576,606,Общая информация,1000,1
2577,606,Комплектация,1000,1
2578,606,Вышивка,1000,1
2579,617,Основные,1000,1
2580,617,Технические характеристики,1000,1
2581,617,Комплектация,1000,1
2582,617,Размеры и вес,1000,1
2583,617,Общая информация,1000,1
2584,617,Аккумулятор,1000,1
2585,608,Основные,1000,1
2586,614,Общая информация,1000,1
2587,608,Рабочая поверхность,1000,1
2588,614,Основные,1000,1
2589,608,Функциональные особенности,1000,1
2590,614,Конструкция,1000,1
2591,608,Комплектация,1000,1
2592,614,Размеры и вес,1000,1
2593,614,Экран,1000,1
2594,614,Объектив,1000,1
2595,614,Работа с изображением,1000,1
2596,614,Экспозиция и затвор,1000,1
2597,614,Работа со звуком,1000,1
2598,614,Память,1000,1
2599,614,Навигация,1000,1
2600,614,Интерфейсы,1000,1
2601,614,Аккумулятор и время работы,1000,1
2602,614,Функциональные особенности,1000,1
2603,614,Комплектация,1000,1
2604,608,Аккумулятор,1000,1
2605,608,Общая информация,1000,1
2606,618,Основные,1000,1
2607,618,Питание,1000,1
2608,618,Комплектация,1000,1
2609,618,Размеры и вес,1000,1
2610,618,Общая информация,1000,1
2611,620,Основные,1000,1
2612,620,Функциональные особенности,1000,1
2613,620,Двигатель,1000,1
2614,619,Основные,1000,1
2615,619,Размеры и вес,1000,1
2616,619,Общая информация,1000,1
2617,620,Аккумулятор,1000,1
2618,620,Комплектация,1000,1
2619,622,Основные,1000,1
2620,622,Технические характеристики,1000,1
2621,622,Общая информация,1000,1
2622,622,Конструкция,1000,1
2623,622,Размеры и вес,1000,1
2624,622,Аккумулятор и время работы,1000,1
2625,622,Производительность и энергоэффективность,1000,1
2626,622,Комплектация,1000,1
2627,622,Эксплуатация,1000,1
2628,623,Общая информация,1000,1
2629,623,Основные,1000,1
2630,623,Размеры и вес,1000,1
2631,610,Общая информация,1000,1
2632,610,Основные,1000,1
2633,610,Функциональность,1000,1
2634,610,Голова,1000,1
2635,610,Питание,1000,1
2636,610,Интерфейсы,1000,1
2637,593,"Возможно, вас заинтересует",1000,1
2638,593,Основные,1000,1
2639,593,Конструкция и вместимость,1000,1
2640,593,Общая информация,1000,1
2641,593,Производительность и энергоэффективность,1000,1
2642,593,Управление и индикация,1000,1
2643,593,Холодильная камера,1000,1
2644,593,Морозильная камера,1000,1
2645,593,Габариты,1000,1
2646,593,Размеры ниши для встраивания,1000,1
2647,624,Основные,1000,1
2648,624,Конструкция,1000,1
2649,624,Размеры и вес,1000,1
2650,624,Функциональные особенности,1000,1
2651,624,Общая информация,1000,1
2652,624,Комплектация,1000,1
2653,629,Общая информация,1000,1
2654,629,Основные,1000,1
2655,629,Конструкция,1000,1
2656,629,Размеры и вес,1000,1
2657,629,Экран,1000,1
2658,629,Работа с файлами,1000,1
2659,629,Работа со звуком,1000,1
2660,629,Память,1000,1
2661,629,Датчики,1000,1
2662,629,Интерфейсы,1000,1
2663,629,Питание,1000,1
2664,629,Комплектация,1000,1
2665,628,Основные,1000,1
2666,628,Общая информация,1000,1
2667,628,Экран,1000,1
2668,628,Будильник и часы,1000,1
2669,628,Функциональность,1000,1
2670,628,Интерфейсы,1000,1
2671,628,Тюнер,1000,1
2672,628,Размеры и вес,1000,1
2673,613,Общая информация,1000,1
2674,613,Основные,1000,1
2675,613,Размеры и вес,1000,1
2676,621,"Возможно, вас заинтересует",1000,1
2677,621,Общая информация,1000,1
2678,621,Рама,1000,1
2679,621,Вилка,1000,1
2680,621,Трансмиссия,1000,1
2681,621,Тормоза,1000,1
2682,621,Колёса,1000,1
2683,621,Руль,1000,1
2684,621,Седло,1000,1
2685,621,Педали,1000,1
2686,621,Комплектация,1000,1
2687,621,Манетки (шифтеры),1000,1
2688,621,Аккумулятор,1000,1
2689,621,Двигатель,1000,1
2690,627,Общая информация,1000,1
2691,627,Основные,1000,1
2692,627,Технические характеристики,1000,1
2693,632,Общая информация,1000,1
2694,632,Основные,1000,1
2695,627,Дополнительные элементы,1000,1
2696,632,Конструкция,1000,1
2697,627,Размеры и вес,1000,1
2698,632,Размеры и вес,1000,1
2699,632,Комплектация,1000,1
2700,634,Основные,1000,1
2701,631,Основные,1000,1
2702,631,Батарейный блок,1000,1
2703,634,Особенности конструкции,1000,1
2704,634,Размеры и вес,1000,1
2705,631,Комплектация,1000,1
2706,631,Общая информация,1000,1
2707,631,Майзер,1000,1
2708,631,Размеры и вес,1000,1
2709,634,Общая информация,1000,1
2710,638,Основные,1000,1
2711,638,Размеры и вес,1000,1
2712,638,Общая информация,1000,1
2713,637,Общая информация,1000,1
2714,637,Основные,1000,1
2715,637,Размеры и вес,1000,1
2716,636,Основные,1000,1
2717,636,Информационный блок,1000,1
2718,636,Программные функции,1000,1
2719,636,Дополнительная информация,1000,1
2720,636,Размеры и масса,1000,1
2721,636,Общая информация,1000,1
2722,639,Основные,1000,1
2723,639,Размеры,1000,1
2724,626,Общая информация,1000,1
2725,626,Основные,1000,1
2726,626,Имитация горения,1000,1
2727,626,Функциональные особенности,1000,1
2728,639,Общая информация,1000,1
2729,626,Биокамин,1000,1
2730,626,Габариты,1000,1
2731,240,Общая информация,1000,1
2732,240,Основные,1000,1
2733,240,Особенности конструкции,1000,1
2734,526,Основные,1000,1
2735,526,Размеры и вес,1000,1
2736,526,Общая информация,1000,1
2737,525,Основные,1000,1
2738,525,Функциональные особенности,1000,1
2739,525,Габариты и вес,1000,1
2740,527,Основные,1000,1
2741,527,Размеры и вес,1000,1
2742,527,Общая информация,1000,1
2743,523,Основные,1000,1
2744,523,Функциональные особенности,1000,1
2745,523,Комплектация,1000,1
2746,523,Габариты и вес,1000,1
2747,528,Общая информация,1000,1
2748,528,Основные,1000,1
2749,528,Размеры и вес,1000,1
2750,529,Основные,1000,1
2751,529,Общая информация,1000,1
2752,529,Размеры и вес,1000,1
2753,529,Особенности использования,1000,1
2754,522,Основные,1000,1
2755,522,Особенности конструкции,1000,1
2756,522,Размеры и вес,1000,1
2757,522,Общая информация,1000,1
2758,533,Общая информация,1000,1
2759,533,Основные,1000,1
2760,533,Окуляры и насадки,1000,1
2761,533,Монтировка,1000,1
2762,533,Размеры и вес,1000,1
2763,534,Основные,1000,1
2764,534,Конструкция,1000,1
2765,534,Размеры и вес,1000,1
2766,534,Комплектация,1000,1
2767,534,Общая информация,1000,1
2768,531,Основные,1000,1
2769,531,Комплектация,1000,1
2770,531,Общая информация,1000,1
2771,501,Общая информация,1000,1
2772,501,Основные,1000,1
2773,536,Основные,1000,1
2774,536,Функциональные особенности,1000,1
2775,536,Габариты,1000,1
2776,540,Общая информация,1000,1
2777,540,Основные,1000,1
2778,540,Размеры и вес,1000,1
2779,538,Общая информация,1000,1
2780,538,Основные,1000,1
2781,538,Размеры,1000,1
2782,541,Основные,1000,1
2783,541,Питание,1000,1
2784,541,Размеры и вес,1000,1
2785,541,Общая информация,1000,1
2786,542,Общая информация,1000,1
2787,542,Основные,1000,1
2788,542,Функции,1000,1
2789,542,Конструкция,1000,1
2790,537,Основные,1000,1
2791,537,Технические характеристики,1000,1
2792,537,Размеры и вес,1000,1
2793,537,Аккумулятор,1000,1
2794,537,Общая информация,1000,1
2795,545,Общая информация,1000,1
2796,545,Основные,1000,1
2797,545,Индикация,1000,1
2798,545,Функциональные особенности,1000,1
2799,545,Питание,1000,1
2800,535,Основные,1000,1
2801,535,Особенности конструкции,1000,1
2802,535,Размеры и вес,1000,1
2803,535,Общая информация,1000,1
2804,530,Основные,1000,1
2805,530,Общая информация,1000,1
2806,543,Основные,1000,1
2807,543,Технические характеристики,1000,1
2808,543,Общая информация,1000,1
2809,543,Программные функции,1000,1
2810,543,Комплектация,1000,1
2811,546,Основные,1000,1
2812,546,Конструкция и вместимость,1000,1
2813,546,Габариты,1000,1
2814,546,Общая информация,1000,1
2815,546,Морозильная камера,1000,1
2816,532,"Возможно, вас заинтересует",1000,1
2817,532,Общая информация,1000,1
2818,532,Основные,1000,1
2819,532,Технические характеристики,1000,1
2820,532,Функции,1000,1
2821,532,Прием сигнала,1000,1
2822,532,Аудиосистема,1000,1
2823,532,Интерфейсы,1000,1
2824,532,Комплектация,1000,1
2825,532,Размеры и вес,1000,1
2826,548,Основные,1000,1
2827,548,Конструкция,1000,1
2828,548,Функциональные особенности,1000,1
2829,548,Габариты,1000,1
2830,548,Управление и индикация,1000,1
2831,548,Общая информация,1000,1
2832,554,Общая информация,1000,1
2833,554,Основные,1000,1
2834,554,Особенности конструкции,1000,1
2835,554,Размеры и вес,1000,1
2836,550,Основные,1000,1
2837,550,Конструкция,1000,1
2838,550,Двигатель,1000,1
2839,550,Общая информация,1000,1
2840,550,Комплектация,1000,1
2841,550,Режущая система,1000,1
2842,550,Аккумулятор,1000,1
2843,551,Общая информация,1000,1
2844,551,Основные,1000,1
2845,551,Размеры и вес,1000,1
2846,557,Общая информация,1000,1
2847,557,Основные,1000,1
2848,557,Особенности конструкции,1000,1
2849,557,Размеры и вес,1000,1
2850,555,Основные,1000,1
2851,555,Размеры и вес,1000,1
2852,555,Общая информация,1000,1
2853,539,Общая информация,1000,1
2854,539,Основные,1000,1
2855,539,Технические характеристики,1000,1
2856,539,Комплектация,1000,1
2857,559,Основные,1000,1
2858,559,Конструкция,1000,1
2859,559,Общая информация,1000,1
2860,559,Размеры и вес,1000,1
2861,559,Экран,1000,1
2862,559,Память,1000,1
2863,559,Датчики,1000,1
2864,559,Навигация,1000,1
2865,559,Работа со звуком,1000,1
2866,559,Интерфейсы,1000,1
2867,559,Аккумулятор и время работы,1000,1
2868,559,Работа с изображением,1000,1
2869,559,Комплектация,1000,1
2870,559,Передача данных,1000,1
2871,558,Основные,1000,1
2872,558,Общая информация,1000,1
2873,558,Технические характеристики,1000,1
2874,552,Основные,1000,1
2875,549,Общие характеристики,1000,1
2876,552,Общая информация,1000,1
2877,563,Общая информация,1000,1
2878,563,Основные,1000,1
2879,565,Общая информация,1000,1
2880,565,Основные,1000,1
2881,568,Общая информация,1000,1
2882,568,Основные,1000,1
2883,568,Экран и подсветка,1000,1
2884,568,Питание,1000,1
2885,568,Система &quot;умный дом&quot;,1000,1
2886,142,"Возможно, вас заинтересует",1000,1
2887,142,Общая информация,1000,1
2888,142,Рама,1000,1
2889,142,Вилка,1000,1
2890,142,Трансмиссия,1000,1
2891,142,Манетки (шифтеры),1000,1
2892,142,Тормоза,1000,1
2893,142,Колёса,1000,1
2894,142,Руль,1000,1
2895,142,Седло,1000,1
2896,142,Педали,1000,1
2897,142,Комплектация,1000,1
2898,69,Общая информация,1000,1
2899,69,Основные,1000,1
2900,69,Технические характеристики,1000,1
2902,69,Дополнительная информация,1000,1
2903,64,Общие характеристики,1000,1
2904,64,Инсталляционные характеристики,1000,1
2905,251,Общая информация,1000,1
2906,251,Основные,1000,1
2907,251,Размеры и вес,1000,1
2908,251,Рама и ходовая часть,1000,1
2909,251,Прогулка,1000,1
2910,251,Комплектация,1000,1
2911,251,Люлька,1000,1
2912,251,"Возможно, вас заинтересует",1000,1
2913,251,Коляска для двойни,1000,1
2914,270,Основные,1000,1
2915,270,Конструкция,1000,1
2916,270,Размеры,1000,1
2917,270,Общая информация,1000,1
2918,129,Общая информация,1000,1
2919,129,Основные,1000,1
2920,129,Функциональные особенности,1000,1
2921,129,Комплектация,1000,1
2922,129,Гидромассаж,1000,1
2923,129,Аэромассаж,1000,1
2924,160,"Возможно, вас заинтересует",1000,1
2925,160,Общая информация,1000,1
2926,160,Основные,1000,1
2927,160,Конструкция,1000,1
2928,160,Функциональность,1000,1
2929,160,Производительность и энергоэффективность,1000,1
2930,160,Управление и индикация,1000,1
2931,160,Шум,1000,1
2932,160,Освещение,1000,1
2933,160,Габариты,1000,1
2934,160,Комплектация,1000,1
2935,208,Основные,1000,1
2936,208,Конструкция,1000,1
2937,208,Размеры и вес,1000,1
2939,208,Общая информация,1000,1
2940,207,Общая информация,1000,1
2941,207,Основные,1000,1
2942,207,Конструкция,1000,1
2943,207,Функциональные особенности,1000,1
2944,207,Комплектация,1000,1
2945,207,Размеры и вес,1000,1
2946,207,Гидромассаж,1000,1
2947,207,Аэромассаж,1000,1
2948,198,Общая информация,1000,1
2949,198,Основные,1000,1
2950,198,Конструкция,1000,1
2951,198,Размеры,1000,1
2952,284,Основные,1000,1
2953,284,Размеры и вес,1000,1
2954,284,Общая информация,1000,1
2955,281,Основные,1000,1
2956,281,Особенности конструкции,1000,1
2957,281,Комплектация,1000,1
2958,281,Габариты,1000,1
2959,281,Размеры ниши для встраивания,1000,1
2960,281,Общая информация,1000,1
2961,334,Общие характеристики,1000,1
2962,320,Основные,1000,1
2963,320,Общая информация,1000,1
2964,346,Общая информация,1000,1
2965,346,Основные,1000,1
2966,346,Комплектация,1000,1
2967,350,Общая информация,1000,1
2968,350,Основные,1000,1
2969,350,Особенности конструкции,1000,1
2970,356,Общая информация,1000,1
2971,356,Основные,1000,1
2972,356,Особенности конструкции,1000,1
2973,356,Кабель,1000,1
2974,356,Технические характеристики,1000,1
2975,356,Технические характеристики микрофона,1000,1
2977,356,Функциональность,1000,1
2979,356,Интерфейсы,1000,1
2982,356,Аккумулятор и время работы,1000,1
2985,356,Комплектация,1000,1
2986,317,Основные,1000,1
2987,317,Конструкция,1000,1
2988,317,Размеры и вес,1000,1
2989,317,Общая информация,1000,1
2990,317,Размеры и вес элементов комплекта,1000,1
2991,375,Основные,1000,1
2992,375,Особенности конструкции,1000,1
2994,375,Размеры и вес,1000,1
2995,375,Общая информация,1000,1
2996,403,Основные,1000,1
2997,403,Размеры и вес,1000,1
2998,403,Технические характеристики,1000,1
2999,403,Управление и индикация,1000,1
3000,403,Общая информация,1000,1
3001,313,Основные,1000,1
3002,313,Базовый блок,1000,1
3003,313,Настилочные материалы,1000,1
3004,313,Чехол,1000,1
3005,313,Общая информация,1000,1
3006,352,Общая информация,1000,1
3007,352,Механизм,1000,1
3008,352,Корпус,1000,1
3009,352,Особенности дизайна,1000,1
3010,352,Функции,1000,1
3012,405,Основные,1000,1
3013,405,Общая информация,1000,1
3014,304,Основные,1000,1
3015,304,Общая информация,1000,1
3016,304,Дизайн и монтаж,1000,1
3017,462,Основные,1000,1
3018,462,Общая информация,1000,1
3019,462,Особенности конструкции,1000,1
3020,462,Размеры и вес,1000,1
3021,462,Размеры отделения для устройства,1000,1
3022,462,Туристические рюкзаки,1000,1
3023,462,Дорожные рюкзаки,1000,1
3024,462,Школьные рюкзаки,1000,1
3025,462,Спортивные рюкзаки,1000,1
3026,488,Основные,1000,1
3027,488,Особенности конструкции,1000,1
3028,488,Общая информация,1000,1
3029,439,Общая информация,1000,1
3030,439,Основные,1000,1
3031,439,Размеры и вес,1000,1
3032,439,Технические характеристики,1000,1
3033,456,Основные,1000,1
3034,456,Технические характеристики,1000,1
3035,456,Общая информация,1000,1
3036,456,Размеры и вес,1000,1
3037,505,Основные,1000,1
3038,505,Общая информация,1000,1
3039,518,Основные,1000,1
3040,518,Размеры и вес,1000,1
3041,518,Общая информация,1000,1
3042,567,Основные,1000,1
3043,567,Общая информация,1000,1
3044,567,Комплектация,1000,1
3045,567,Габариты,1000,1
3046,553,Общая информация,1000,1
3047,553,Основные,1000,1
3048,553,Технические характеристики,1000,1
3049,553,Размеры и вес,1000,1
3050,577,Общая информация,1000,1
3051,577,Основные,1000,1
3052,600,Основные,1000,1
3053,600,Конструкция,1000,1
3054,600,Конструкция,0,1
3055,600,Размеры и вес,1000,1
3056,600,Внутренний объём,1000,1
3058,600,Общая информация,1000,1
3059,633,Общая информация,1000,1
3060,633,Основные,1000,1
3061,633,Конструкция,1000,1
3062,633,Размеры и вес,1000,1
3063,633,Функциональные особенности,1000,1
3064,633,Комплектация,1000,1
3066,494,Общая информация,1000,1
3067,494,Основные,1000,1
3068,494,Конструкция,1000,1
3069,494,Комплектация,1000,1
3070,494,Габариты,1000,1
3071,640,Основные,1000,1
3072,640,Общая информация,1000,1
3073,150,Функциональность,1000,1
3074,150,"Объектив, экспозиция и затвор",1000,1
3075,150,Питание,1000,1
3076,150,Интерфейсы и датчики,1000,1
3077,175,Функциональность,1000,1
3078,175,Технические характеристики,1000,1
3079,175,Комплектация,1000,1
3080,328,Общая информация,1000,1
3081,566,Комплектация,1000,1
3082,145,Общая информация,1000,1
3083,105,Общая информация,1000,1
3084,215,Аккумулятор,1000,1
3085,150,Конструкция корпуса,1000,1
3086,14,Комплектация,1000,1
3087,128,Общая информация,1000,1
30883055,642,Общая информация,1000,1
30883056,642,Основные,1000,1
30883057,642,Функциональность,1000,1
30883058,642,Технические характеристики,1000,1
30883059,642,Размеры и вес,1000,1
30883060,642,Комплектация,1000,1
30883061,105,Особенности банкетки,1000,1
30883062,643,Общая информация,1000,1
30883063,643,Основные,1000,1
30883064,643,Технические характеристики,1000,1
30883065,643,Функциональность,1000,1
30883066,643,Интерфейсы,1000,1
30883067,643,Размеры и вес,1000,1
30883068,643,Комплектация,1000,1
30883069,644,Общая информация,1000,1
30883070,644,Основные,1000,1
30883071,644,Акустическая система,1000,1
30883072,644,Параметры воспроизведения,1000,1
30883073,644,Функциональность,1000,1
30883074,644,Интерфейсы,1000,1
30883075,644,Питание,1000,1
30883076,644,Размеры и вес,1000,1
30883077,644,Сабвуфер,1000,1
30883078,644,Комплектация,1000,1
30883079,645,Общая информация,1000,1
30883080,645,Основные,1000,1
30883081,645,Технические характеристики,1000,1
30883082,645,Конструкция,1000,1
30883083,645,Размеры и вес,1000,1
30883084,645,Экран,1000,1
30883085,645,Работа со звуком,1000,1
30883086,645,Память,1000,1
30883087,645,Интерфейсы,1000,1
30883088,645,Аккумулятор и время работы,1000,1
30883089,645,Основная камера,1000,1
30883090,645,Фронтальная камера,1000,1
30883091,645,Комплектация,1000,1
30883092,645,Датчики,1000,1
30883093,645,"Возможно, вас заинтересует",1000,1
30883094,648,Основные,1000,1
30883095,648,Беспроводная сеть,1000,1
30883096,648,Размеры и вес,1000,1
30883097,648,Общая информация,1000,1
30883098,649,Общая информация,1000,1
30883099,649,Основные,1000,1
30883100,649,Беспроводная сеть,1000,1
30883101,649,Интерфейсы,1000,1
30883102,649,Размеры и вес,1000,1
30883103,646,Основные,1000,1
30883104,646,Технические характеристики,1000,1
30883105,646,Интерфейсы,1000,1
30883106,646,Конструкция и габариты,1000,1
30883107,646,Функции,1000,1
30883108,646,Общая информация,1000,1
30883109,646,Комплектация,1000,1
30883110,647,Основные,1000,1
30883111,647,Функциональные особенности,1000,1
30883112,647,Насадки отпаривателя,1000,1
30883113,647,Насадки пароочистителя,1000,1
30883114,647,Комплектация,1000,1
30883115,647,Габариты,1000,1
30883116,647,Общая информация,1000,1
30883117,651,Основные,1000,1
30883118,651,Функциональные особенности,1000,1
30883119,651,Технические характеристики,1000,1
30883120,651,Габариты и вес,1000,1
30883121,651,Комплектация,1000,1
30883122,651,Аккумулятор,1000,1
30883123,650,Основные,1000,1
30883124,650,Технические характеристики,1000,1
30883125,650,Функциональные особенности,1000,1
30883126,650,Комплектация,1000,1
30883127,650,Аккумулятор,1000,1
30883128,650,Размеры и вес,1000,1
30883129,90,Комплектация,1000,1
30883130,652,Общая информация,1000,1
30883131,652,Основные,1000,1
30883132,201,Характеристики дозатора/диспенсера,1000,1
30883133,201,Размеры и вес,1000,1
30883134,201,Комплектация,1000,1
30883135,215,Общая информация,1000,1
30883136,292,Комплектация,1000,1
30883137,159,Комплектация,1000,1
30883138,239,Технические характеристики кассы,1000,1
30883139,239,Технические характеристики платежных терминалов,1000,1
30883140,239,Аккумулятор,1000,1
30883141,239,Комплектация,1000,1
30883142,329,Комплектация,1000,1
30883143,523,Общая информация,1000,1
30883144,101,Общая информация,1000,1
30883145,306,"Возможно, вас заинтересует",1000,1
30883146,166,Общая информация,1000,1
30883147,330,Аккумулятор,1000,1
30883148,306,Размеры зоны приготовления,1000,1
30883149,35,"Возможно, вас заинтересует",1000,1
30883150,435,Общая информация,1000,1
30883151,503,Особенности,1000,1
30883152,503,Упаковка,1000,1
30883153,144,Управление и индикация,1000,1
30883154,144,Питание,1000,1
30883155,201,Функциональные особенности сидений,1000,1
30883156,13,Комплектация,1000,1
30883157,117,Параметры аксессуаров,1000,1
30883158,171,Общая информация,1000,1
30883159,381,Аккумулятор и время работы,1000,1
30883160,381,Габариты и вес,1000,1
30883161,381,Комплектация,1000,1
30883162,610,Общие характеристики,1000,1
30883163,610,Штативы,1000,1
30883164,610,Размеры и вес,1000,1
30883165,610,Комплектация,1000,1
30883166,610,Стабилизаторы и стедикамы,1000,1
30883167,610,Аккумулятор и время работы,1000,1
30883168,101,Размеры и вес,1000,1
